FIA,Circuit name,Circuit ID,Source Is.D,Source Is.D Type,Substation,Comments,Validation result,Error message
100,ARCATA 1121,192021121,716954,DPD,ARCATA,,TRUE,
100,ARCATA 1122,192021122,5384,DPD,ARCATA,,TRUE,
100,ARCATA 1122,192021122,110996,DPD,ARCATA,,TRUE,
100,CARLOTTA 1121,192291121,,Breaker,CARLOTTA,,TRUE,
100,EEL RIVER 1102,192381102,1902,DPD,EEL RIVER,,TRUE,
100,EEL RIVER 1102,192381102,630456,DPD,EEL RIVER,,TRUE,
100,EEL RIVER 1102,192381102,720639,DPD,EEL RIVER,,TRUE,
100,EEL RIVER 1103,192381103,241646,DPD,EEL RIVER,,TRUE,
100,EEL RIVER 1103,192381103,987714,DPD,EEL RIVER,,TRUE,
100,EEL RIVER 1103,192381103,216324,DPD,EEL RIVER,,TRUE,
100,HARRIS 1108,192431108,395498,DPD,HARRIS,,TRUE,
100,HARRIS 1108,192431108,705523,DPD,HARRIS,,TRUE,
100,HARRIS 1109,192431109,183860,DPD,HARRIS,,TRUE,
100,HARRIS 1109,192431109,237791,DPD,HARRIS,,TRUE,
100,HARRIS 1109,192431109,661309,DPD,HARRIS,,TRUE,
100,HARRIS 1109,192431109,355914,DPD,HARRIS,,TRUE,
100,HOOPA 1101,192401101,37202,DPD,HOOPA,,TRUE,
100,HUMBOLDT BAY 1102,192341102,741980,DPD,HUMBOLDT BAY,,TRUE,
100,HUMBOLDT BAY 1102,192341102,104220,DPD,HUMBOLDT BAY,,TRUE,
100,MAPLE CREEK 1101,192101101,555034,DPD,MAPLE CREEK,,TRUE,
100,NEWBURG 1131,192151131,380686,DPD,NEWBURG,,TRUE,
100,NEWBURG 1131,192151131,557468,DPD,NEWBURG,,TRUE,
100,NEWBURG 1131,192151131,987158,DPD,NEWBURG,,TRUE,
100,NEWBURG 1131,192151131,90242,DPD,NEWBURG,,TRUE,
100,NEWBURG 1132,192151132,910230,DPD,NEWBURG,,TRUE,
100,NEWBURG 1132,192151132,665674,DPD,NEWBURG,,TRUE,
100,NEWBURG 1133,192151133,,Breaker,NEWBURG,,TRUE,
105,EEL RIVER 1102,192381102,4814,DPD,EEL RIVER,,TRUE,
105,FRUITLAND 1141,192311141,,Breaker,FRUITLAND,,TRUE,
105,FRUITLAND 1142,192311142,,Breaker,FRUITLAND,,TRUE,
105,GARBERVILLE 1101,192221101,,Breaker,GARBERVILLE,,TRUE,
105,GARBERVILLE 1102,192221102,,Breaker,GARBERVILLE,,TRUE,
105,GARBERVILLE 1103,192221103,,Breaker,GARBERVILLE,,TRUE,
105,RIO DELL 1102,192251102,772210,DPD,RIO DELL,,TRUE,
105,RIO DELL 1102,192251102,214052,DPD,RIO DELL,,TRUE,
105,RIO DELL 1102,192251102,8852,DPD,RIO DELL,,TRUE,
112,HOOPA 1101,192401101,3174,DPD,HOOPA,,TRUE,
113,HOOPA 1101,192401101,,Breaker,HOOPA,,TRUE,
113,Willow Creek 1101,192171101,91926,DPD,Willow Creek,,TRUE,
115,MAPLE CREEK 1101,192101101,,Breaker,MAPLE CREEK,,TRUE,
115,WILLOW CREEK 1101,192171101,,Breaker,WILLOW CREEK,,TRUE,
115,WILLOW CREEK 1102,192171102,,Breaker,WILLOW CREEK,,TRUE,
115,WILLOW CREEK 1103,192171103,,Breaker,WILLOW CREEK,,TRUE,
120,BRIDGEVILLE 1101,192461101,,Breaker,BRIDGEVILLE,,TRUE,
120,BRIDGEVILLE 1102,192461102,,Breaker,BRIDGEVILLE,,TRUE,
120,FORT SEWARD 1121,192321121,,Breaker,FORT SEWARD,,TRUE,
120,FORT SEWARD 1122,192321122,,Breaker,FORT SEWARD,,TRUE,
130,FORT SEWARD 1121,192321121,1602,DPD,FORT SEWARD,,TRUE,
130,LOW GAP 1101,192411101,,Breaker,LOW GAP,,TRUE,
140,ANNAPOLIS 1101,42861101,,Breaker,ANNAPOLIS,,TRUE,
140,BIG RIVER 1101,43081101,,Breaker,BIG RIVER,,TRUE,
140,ELK 1101,42981101,,Breaker,ELK,,TRUE,
140,FORT BRAGG 1101,42761101,3100,DPD,FORT BRAGG,,TRUE,
140,FORT BRAGG 1102,42761102,,Breaker,FORT BRAGG,,TRUE,
140,FORT BRAGG 1103,42761103,284356,DPD,FORT BRAGG,,TRUE,
140,FORT BRAGG 1104,42761104,1316,DPD,FORT BRAGG,,TRUE,
140,FORT BRAGG 1104,42761104,4690,DPD,FORT BRAGG,,TRUE,
140,FORT BRAGG 1104,42761104,920850,DPD,FORT BRAGG,,TRUE,
140,GARCIA 0401,43040401,666,DPD,GARCIA,,TRUE,
140,GUALALA 1111,42841111,,Breaker,GUALALA,,TRUE,
140,GUALALA 1112,42841112,,Breaker,GUALALA,,TRUE,
140,PHILO 1102,42601102,1308,DPD,PHILO,,TRUE,
140,POINT ARENA 1101,43381101,,Breaker,POINT ARENA,,TRUE,
140,FORT ROSS 1121,42851121,,Breaker,FORT ROSS,,TRUE,
140,Mirabel 1101,42091101,298,DPD,Mirabel,,TRUE,
140,Molino 1102,42571102,658,DPD,Molino,,TRUE,
140,Molino 1102,42571102,104,DPD,Molino,,TRUE,
140,MONTE RIO 1111,42811111,,Breaker,MONTE RIO,,TRUE,
140,MONTE RIO 1112,42811112,,Breaker,MONTE RIO,,TRUE,
140,MONTE RIO 1113,42811113,,Breaker,MONTE RIO,,TRUE,
140,Salmon Creek 1101,43161101,37368,DPD,Salmon Creek,,TRUE,
150,GARBERVILLE 1101,192221101,1770,DPD,GARBERVILLE,,TRUE,
150,LAYTONVILLE 1101,42681101,,Breaker,LAYTONVILLE,,TRUE,
150,LAYTONVILLE 1102,42681102,,Breaker,LAYTONVILLE,,TRUE,
150,WILLITS 1103,42661103,37506,DPD,WILLITS,,TRUE,
154,CALISTOGA 1101,42711101,890,DPD,CALISTOGA,,TRUE,
154,CALPELLA 1101,43411101,154183,Switch,CALPELLA,,TRUE,
154,CALPELLA 1102,43411102,421412,DPD,CALPELLA,,TRUE,
154,CALPELLA 1102,43411102,379946,DPD,CALPELLA,,TRUE,
154,CALPELLA 1102,43411102,144510,DPD,CALPELLA,,TRUE,
154,CALPELLA 1102,43411102,127462,DPD,CALPELLA,,TRUE,
154,CALPELLA 1102,43411102,477890,DPD,CALPELLA,,TRUE,
154,CALPELLA 1102,43411102,708161,DPD,CALPELLA,,TRUE,
154,HOPLAND 1101,42251101,,Breaker,HOPLAND,,TRUE,
154,MENDOCINO 1101,42951101,,Breaker,MENDOCINO,,TRUE,
154,POTTER VALLEY P H 1104,42281104,,Breaker,POTTER VALLEY P H,,TRUE,
154,POTTER VALLEY P H 1105,42281105,,Breaker,POTTER VALLEY P H,,TRUE,
154,UKIAH 1111,42771111,807988,DPD,UKIAH,,TRUE,
154,UKIAH 1111,42771111,168892,DPD,UKIAH,,TRUE,
154,UKIAH 1111,42771111,534,DPD,UKIAH,,TRUE,
154,UKIAH 1113,42771113,968652,DPD,UKIAH,,TRUE,
154,UKIAH 1113,42771113,658899,DPD,UKIAH,,TRUE,
154,UKIAH 1113,42771113,548420,DPD,UKIAH,,TRUE,
154,UKIAH 1113,42771113,691436,DPD,UKIAH,,TRUE,
154,UKIAH 1114,42771114,422291,Switch,UKIAH,,TRUE,
154,UKIAH 1114,42771114,567743,Switch,UKIAH,,TRUE,
154,UKIAH 1114,42771114,408,DPD,UKIAH,,TRUE,
154,UKIAH 1114,42771114,296894,DPD,UKIAH,,TRUE,
154,UKIAH 1114,42771114,844294,DPD,UKIAH,,TRUE,
154,UKIAH 1115,42771115,,Breaker,UKIAH,,TRUE,
154,WILLITS 1102,42661102,,Breaker,WILLITS,,TRUE,
154,WILLITS 1103,42661103,,Breaker,WILLITS,,TRUE,
154,WILLITS 1104,42661104,,Breaker,WILLITS,,TRUE,
154,CLOVERDALE 1101,42821101,964556,DPD,CLOVERDALE,,TRUE,
154,CLOVERDALE 1101,42821101,84088,DPD,CLOVERDALE,,TRUE,
154,CLOVERDALE 1101,42821101,409224,DPD,CLOVERDALE,,TRUE,
154,CLOVERDALE 1101,42821101,704542,DPD,CLOVERDALE,,TRUE,
154,CLOVERDALE 1101,42821101,474708,DPD,CLOVERDALE,,TRUE,
154,CLOVERDALE 1101,42821101,399855,DPD,CLOVERDALE,,TRUE,
154,CLOVERDALE 1101,42821101,807953,DPD,CLOVERDALE,,TRUE,
154,CLOVERDALE 1102,42821102,383183,DPD,CLOVERDALE,,TRUE,
154,CLOVERDALE 1102,42821102,284857,Switch,CLOVERDALE,,TRUE,
154,CLOVERDALE 1102,42821102,835233,Switch,CLOVERDALE,,TRUE,
154,CLOVERDALE 1102,42821102,736078,DPD,CLOVERDALE,,TRUE,
154,CLOVERDALE 1102,42821102,172096,DPD,CLOVERDALE,,TRUE,
154,CLOVERDALE 1102,42821102,307342,DPD,CLOVERDALE,,TRUE,
154,GEYSERVILLE 1101,42891101,663668,Switch,GEYSERVILLE,,TRUE,
154,GEYSERVILLE 1101,42891101,166,DPD,GEYSERVILLE,,TRUE,
154,GEYSERVILLE 1101,42891101,424379,Switch,GEYSERVILLE,,TRUE,
154,GEYSERVILLE 1101,42891101,216442,DPD,GEYSERVILLE,,TRUE,
154,GEYSERVILLE 1101,42891101,463260,DPD,GEYSERVILLE,,TRUE,
154,GEYSERVILLE 1101,42891101,975350,DPD,GEYSERVILLE,,TRUE,
154,GEYSERVILLE 1101,42891101,711966,DPD,GEYSERVILLE,,TRUE,
154,GEYSERVILLE 1102,42891102,331444,DPD,GEYSERVILLE,,TRUE,
154,Philo 1101,42601101,,Breaker,Philo,,TRUE,
154,Philo 1102,42601102,,Breaker,Philo,,TRUE,
162,COVELO 1101,43061101,536,DPD,COVELO,,TRUE,
162,COVELO 1101,43061101,516510,DPD,COVELO,,TRUE,
162,COVELO 1101,43061101,627416,DPD,COVELO,,TRUE,
162,COVELO 1101,43061101,430286,DPD,COVELO,,TRUE,
162,COVELO 1101,43061101,478952,DPD,COVELO,,TRUE,
162,COVELO 1101,43061101,306476,DPD,COVELO,,TRUE,
162,POTTER VALLEY P H 1104,42281104,,Breaker,POTTER VALLEY P H,,TRUE,
162,POTTER VALLEY P H 1105,42281105,,Breaker,POTTER VALLEY P H,,TRUE,
170,LUCERNE 1103,43351103,,Breaker,LUCERNE,,TRUE,
170,LUCERNE 1106,43351106,,Breaker,LUCERNE,,TRUE,
170,UPPER LAKE 1101,42871101,660,DPD,UPPER LAKE,,TRUE,
170,UPPER LAKE 1101,42871101,589745,Switch,UPPER LAKE,,TRUE,
170,ELK CREEK 1101,102781101,2032,DPD,ELK CREEK,,TRUE,
170,ELK CREEK 1101,102781101,2106,DPD,ELK CREEK,,TRUE,
175,CALISTOGA 1101,42711101,487029,Switch,CALISTOGA,,TRUE,
175,CALISTOGA 1101,42711101,537148,DPD,CALISTOGA,,TRUE,
175,CALISTOGA 1102,42711102,66730,DPD,CALISTOGA,,TRUE,
175,MONTICELLO 1101,43051101,,Breaker,MONTICELLO,,TRUE,
175,PUEBLO 1104,43291104,1304,DPD,PUEBLO,,TRUE,
175,PUEBLO 1105,43291105,696,DPD,PUEBLO,,TRUE,
175,PUEBLO 1105,43291105,684564,DPD,PUEBLO,,TRUE,
175,SILVERADO 2102,43432102,34959,DPD,SILVERADO,,TRUE,
175,SILVERADO 2104,43432104,37632,DPD,SILVERADO,,TRUE,
175,CLEAR LAKE 1101,42141101,740076,DPD,CLEAR LAKE,,TRUE,
175,CLEAR LAKE 1101,42141101,699062,DPD,CLEAR LAKE,,TRUE,
175,CLEAR LAKE 1101,42141101,881362,DPD,CLEAR LAKE,,TRUE,
175,CLEAR LAKE 1101,42141101,406,DPD,CLEAR LAKE,,TRUE,
175,CLEAR LAKE 1101,42141101,1302,DPD,CLEAR LAKE,,TRUE,
175,CLEAR LAKE 1102,42141102,904,DPD,CLEAR LAKE,,TRUE,
175,CLEAR LAKE 1102,42141102,991285,DPD,CLEAR LAKE,,TRUE,
175,CLEAR LAKE 1102,42141102,223792,DPD,CLEAR LAKE,,TRUE,
175,HARTLEY 1101,43211101,698,DPD,HARTLEY,,TRUE,
175,HARTLEY 1101,43211101,980662,DPD,HARTLEY,,TRUE,
175,HARTLEY 1101,43211101,534548,DPD,HARTLEY,,TRUE,
175,HARTLEY 1102,43211102,385838,DPD,HARTLEY,,TRUE,
175,HIGHLANDS 1101,43361101,,Breaker,HIGHLANDS,,TRUE,
175,HIGHLANDS 1102,43361102,,Breaker,HIGHLANDS,,TRUE,
175,HIGHLANDS 1103,43361103,,Breaker,HIGHLANDS,,TRUE,
175,HIGHLANDS 1104,43361104,,Breaker,HIGHLANDS,,TRUE,
175,KONOCTI 1102,43311102,,Breaker,KONOCTI,,TRUE,
175,KONOCTI 1108,43311108,,Breaker,KONOCTI,,TRUE,
175,LUCERNE 1103,43351103,1280,DPD,LUCERNE,,TRUE,
175,LUCERNE 1103,43351103,4624,DPD,LUCERNE,,TRUE,
175,LUCERNE 1106,43351106,76850,DPD,LUCERNE,,TRUE,
175,LUCERNE 1106,43351106,47198,DPD,LUCERNE,,TRUE,
175,MIDDLETOWN 1101,43141101,439572,DPD,MIDDLETOWN,,TRUE,
175,MIDDLETOWN 1101,43141101,481876,DPD,MIDDLETOWN,,TRUE,
175,MIDDLETOWN 1101,43141101,118494,DPD,MIDDLETOWN,,TRUE,
175,MIDDLETOWN 1101,43141101,548,DPD,MIDDLETOWN,,TRUE,
175,MIDDLETOWN 1101,43141101,932140,DPD,MIDDLETOWN,,TRUE,
175,MIDDLETOWN 1102,43141102,302610,DPD,MIDDLETOWN,,TRUE,
175,MIDDLETOWN 1103,43141103,,Breaker,MIDDLETOWN,,TRUE,
175,REDBUD 1101,43191101,,Breaker,REDBUD,,TRUE,
175,REDBUD 1102,43191102,,Breaker,REDBUD,,TRUE,
175,UPPER LAKE 1101,42871101,,Breaker,UPPER LAKE,,TRUE,
177,Elk Creek 1101,102781101,2008,DPD,Elk Creek,,TRUE,
177,Arbuckle 1101,62081101,932352,DPD,Arbuckle,,TRUE,
177,Arbuckle 1104,62081104,669720,DPD,Arbuckle,,TRUE,
177,Cortina 1101,63121101,528460,DPD,Cortina,,TRUE,
177,Madison 1105,63171105,495270,DPD,Madison,,TRUE,
177,Madison 2101,63172101,725408,DPD,Madison,,TRUE,
177,Madison 2101,63172101,760730,DPD,Madison,,TRUE,
177,Madison 2101,63172101,335483,Switch,Madison,,TRUE,
177,Madison 2101,63172101,745850,DPD,Madison,,TRUE,
177,Madison 2101,63172101,995351,Switch,Madison,,TRUE,
177,Madison 2101,63172101,351038,DPD,Madison,,TRUE,
177,Madison 2101,63172101,13372,DPD,Madison,,TRUE,
177,Madison 2101,63172101,117644,DPD,Madison,,TRUE,
177,Madison 2101,63172101,845694,DPD,Madison,,TRUE,
177,Maxwell 1105,62881105,3008,DPD,Maxwell,,TRUE,
177,Peabody 2106,63642106,592742,DPD,Peabody,,TRUE,
177,Peabody 2106,63642106,250154,DPD,Peabody,,TRUE,
177,Peabody 2108,63642108,113684,DPD,Peabody,,TRUE,
177,Peabody 2113,63642113,945670,DPD,Peabody,,TRUE,
177,Peabody 2113,63642113,873304,DPD,Peabody,,TRUE,
177,Putah Creek 1102,63681102,8352,DPD,Putah Creek,,TRUE,
177,Putah Creek 1102,63681102,710384,DPD,Putah Creek,,TRUE,
177,Putah Creek 1103,63681103,96792,DPD,Putah Creek,,TRUE,
177,Putah Creek 1103,63681103,654021,DPD,Putah Creek,,TRUE,
177,Putah Creek 1105,63681105,748272,DPD,Putah Creek,,TRUE,
177,Putah Creek 1105,63681105,617260,DPD,Putah Creek,,TRUE,
177,Putah Creek 1105,63681105,665952,DPD,Putah Creek,,TRUE,
177,Vaca Dixon 1101,63591101,126774,DPD,Vaca Dixon,,TRUE,
177,Vaca Dixon 1105,63591105,651,Switch,Vaca Dixon,,TRUE,
177,Vaca Dixon 1105,63591105,965390,DPD,Vaca Dixon,,TRUE,
177,Vacaville 1104,63601104,386183,Switch,Vacaville,,TRUE,
177,Vacaville 1104,63601104,874798,DPD,Vacaville,,TRUE,
177,Vacaville 1108,63601108,697177,Switch,Vacaville,,TRUE,
177,Vacaville 1109,63601109,799940,DPD,Vacaville,,TRUE,
177,Vacaville 1111,63601111,8827,Switch,Vacaville,,TRUE,
177,Vacaville 1111,63601111,12342,DPD,Vacaville,,TRUE,
177,Vacaville 1111,63601111,772224,DPD,Vacaville,,TRUE,
177,Vacaville 1111,63601111,905076,DPD,Vacaville,,TRUE,
180,ALTO 1120,42031120,500,DPD,ALTO,,TRUE,
180,ALTO 1120,42031120,81716,DPD,ALTO,,TRUE,
180,ALTO 1125,42031125,902,DPD,ALTO,,TRUE,
180,ALTO 1125,42031125,1256,DPD,ALTO,,TRUE,
180,BASALT 1106,42461106,657038,DPD,BASALT,,TRUE,
180,BOLINAS 1101,42261101,504,DPD,BOLINAS,,TRUE,
180,BOLINAS 1101,42261101,530,DPD,BOLINAS,,TRUE,
180,BOLINAS 1101,42261101,37034,DPD,BOLINAS,,TRUE,
180,CALISTOGA 1101,42711101,43924,DPD,CALISTOGA,,TRUE,
180,CALISTOGA 1101,42711101,959538,DPD,CALISTOGA,,TRUE,
180,CALISTOGA 1101,42711101,134232,DPD,CALISTOGA,,TRUE,
180,CALISTOGA 1101,42711101,664786,DPD,CALISTOGA,,TRUE,
180,CALISTOGA 1101,42711101,157668,DPD,CALISTOGA,,TRUE,
180,CALISTOGA 1102,42711102,423864,Switch,CALISTOGA,,TRUE,
180,CALISTOGA 1102,42711102,306462,DPD,CALISTOGA,,TRUE,
180,CALISTOGA 1102,42711102,184814,DPD,CALISTOGA,,TRUE,
180,CALISTOGA 1102,42711102,714556,DPD,CALISTOGA,,TRUE,
180,CALISTOGA 1102,42711102,634,DPD,CALISTOGA,,TRUE,
180,CALISTOGA 1102,42711102,289931,Switch,CALISTOGA,,TRUE,
180,CALISTOGA 1102,42711102,960240,DPD,CALISTOGA,,TRUE,
180,IGNACIO 1104,42481104,1290,DPD,IGNACIO,,TRUE,
180,MONTICELLO 1101,43051101,4360,DPD,MONTICELLO,,TRUE,
180,NAPA 1102,42021102,561208,DPD,NAPA,,TRUE,
180,NAPA 1112,42021112,1302,DPD,NAPA,,TRUE,
180,NAPA 1112,42021112,189537,Switch,NAPA,,TRUE,
180,NOVATO 1104,42211104,55398,DPD,NOVATO,,TRUE,
180,NOVATO 1104,42211104,676060,DPD,NOVATO,,TRUE,
180,OLEMA 1101,42291101,49756,DPD,OLEMA,,TRUE,
180,OLEMA 1101,42291101,416,DPD,OLEMA,,TRUE,
180,OLEMA 1101,42291101,337220,DPD,OLEMA,,TRUE,
180,OLEMA 1101,42291101,758594,DPD,OLEMA,,TRUE,
180,PUEBLO 1104,43291104,291873,Switch,PUEBLO,,TRUE,
180,PUEBLO 1104,43291104,968601,DPD,PUEBLO,,TRUE,
180,PUEBLO 1104,43291104,580658,DPD,PUEBLO,,TRUE,
180,PUEBLO 1105,43291105,110347,Switch,PUEBLO,,TRUE,
180,PUEBLO 1105,43291105,348368,DPD,PUEBLO,,TRUE,
180,PUEBLO 1105,43291105,419634,DPD,PUEBLO,,TRUE,
180,PUEBLO 2102,43292102,792,DPD,PUEBLO,,TRUE,
180,PUEBLO 2102,43292102,391312,DPD,PUEBLO,,TRUE,
180,PUEBLO 2102,43292102,595938,DPD,PUEBLO,,TRUE,
180,PUEBLO 2102,43292102,647842,DPD,PUEBLO,,TRUE,
180,PUEBLO 2102,43292102,773926,DPD,PUEBLO,,TRUE,
180,PUEBLO 2102,43292102,279478,DPD,PUEBLO,,TRUE,
180,PUEBLO 2102,43292102,895310,DPD,PUEBLO,,TRUE,
180,PUEBLO 2102,43292102,226562,DPD,PUEBLO,,TRUE,
180,PUEBLO 2102,43292102,769868,DPD,PUEBLO,,TRUE,
180,PUEBLO 2102,43292102,943820,DPD,PUEBLO,,TRUE,
180,PUEBLO 2102,43292102,850102,DPD,PUEBLO,,TRUE,
180,PUEBLO 2103,43292103,678,DPD,PUEBLO,,TRUE,
180,PUEBLO 2103,43292103,895784,DPD,PUEBLO,,TRUE,
180,PUEBLO 2103,43292103,253312,DPD,PUEBLO,,TRUE,
180,PUEBLO 2103,43292103,373667,DPD,PUEBLO,,TRUE,
180,PUEBLO 2103,43292103,706399,DPD,PUEBLO,,TRUE,
180,PUEBLO 2103,43292103,776244,DPD,PUEBLO,,TRUE,
180,SAUSALITO 1101,42491101,688590,DPD,SAUSALITO,,TRUE,
180,SAUSALITO 1101,42491101,331806,DPD,SAUSALITO,,TRUE,
180,SAUSALITO 1102,42491102,964592,DPD,SAUSALITO,,TRUE,
180,SAUSALITO 1102,42491102,758798,DPD,SAUSALITO,,TRUE,
180,SAUSALITO 1102,42491102,410,DPD,SAUSALITO,,TRUE,
180,SAUSALITO 1102,42491102,1500,DPD,SAUSALITO,,TRUE,
180,SAUSALITO 1102,42491102,84278,DPD,SAUSALITO,,TRUE,
180,SILVERADO 2102,43432102,636,DPD,SILVERADO,,TRUE,
180,SILVERADO 2102,43432102,5101,Switch,SILVERADO,,TRUE,
180,SILVERADO 2102,43432102,638785,Switch,SILVERADO,,TRUE,
180,SILVERADO 2102,43432102,437194,DPD,SILVERADO,,TRUE,
180,SILVERADO 2102,43432102,772792,DPD,SILVERADO,,TRUE,
180,SILVERADO 2102,43432102,880281,Switch,SILVERADO,,TRUE,
180,SILVERADO 2102,43432102,942170,DPD,SILVERADO,,TRUE,
180,SILVERADO 2102,43432102,285782,DPD,SILVERADO,,TRUE,
180,SILVERADO 2103,43432103,507513,DPD,SILVERADO,,TRUE,
180,SILVERADO 2103,43432103,315138,DPD,SILVERADO,,TRUE,
180,SILVERADO 2103,43432103,218894,DPD,SILVERADO,,TRUE,
180,SILVERADO 2103,43432103,403102,DPD,SILVERADO,,TRUE,
180,SILVERADO 2103,43432103,617828,DPD,SILVERADO,,TRUE,
180,SILVERADO 2103,43432103,920793,DPD,SILVERADO,,TRUE,
180,SILVERADO 2104,43432104,708,DPD,SILVERADO,,TRUE,
180,SILVERADO 2105,43432105,511299,Switch,SILVERADO,,TRUE,
180,SILVERADO 2105,43432105,768606,DPD,SILVERADO,,TRUE,
180,SILVERADO 2105,43432105,167360,DPD,SILVERADO,,TRUE,
180,SILVERADO 2105,43432105,337226,DPD,SILVERADO,,TRUE,
180,SILVERADO 2105,43432105,191725,DPD,SILVERADO,,TRUE,
180,SILVERADO 2105,43432105,247660,DPD,SILVERADO,,TRUE,
180,SILVERADO 2105,43432105,131568,DPD,SILVERADO,,TRUE,
180,SILVERADO 2105,43432105,309298,DPD,SILVERADO,,TRUE,
180,SILVERADO 2105,43432105,861266,DPD,SILVERADO,,TRUE,
180,TULUCAY 1101,42301101,628,DPD,TULUCAY,,TRUE,
180,TULUCAY 1101,42301101,504524,DPD,TULUCAY,,TRUE,
180,WOODACRE 1101,43021101,1238,DPD,WOODACRE,,TRUE,
180,JAMESON 1102,63801102,65516,DPD,JAMESON,,TRUE,
180,JAMESON 1102,63801102,865502,DPD,JAMESON,,TRUE,
180,JAMESON 1102,63801102,819086,DPD,JAMESON,,TRUE,
180,JAMESON 1103,63801103,118944,DPD,JAMESON,,TRUE,
180,JAMESON 1105,63801105,913400,DPD,JAMESON,,TRUE,
180,JAMESON 1105,63801105,371694,DPD,JAMESON,,TRUE,
180,JAMESON 1105,63801105,9472,DPD,JAMESON,,TRUE,
180,JAMESON 1105,63801105,466348,DPD,JAMESON,,TRUE,
180,BELLEVUE 1102,43181102,463316,DPD,BELLEVUE,,TRUE,
180,BELLEVUE 2103,43182103,478,DPD,BELLEVUE,,TRUE,
180,CORONA 1103,43491103,776806,DPD,CORONA,,TRUE,
180,CORONA 1103,43491103,114284,DPD,CORONA,,TRUE,
180,COTATI 1102,42271102,,Breaker,COTATI,,TRUE,
180,COTATI 1103,42271103,,Breaker,COTATI,,TRUE,
180,COTATI 1104,42271104,,Breaker,COTATI,,TRUE,
180,DUNBAR 1101,43071101,,Breaker,DUNBAR,,TRUE,
180,DUNBAR 1102,43071102,,Breaker,DUNBAR,,TRUE,
180,DUNBAR 1103,43071103,,Breaker,DUNBAR,,TRUE,
180,DUNBAR 1103,43071103,137736,DPD,DUNBAR,,TRUE,
180,DUNBAR 1103,43071103,872066,DPD,DUNBAR,,TRUE,
180,DUNBAR 1103,43071103,725292,DPD,DUNBAR,,TRUE,
180,DUNBAR 1103,43071103,835658,DPD,DUNBAR,,TRUE,
180,FITCH MOUNTAIN 1111,42751111,752596,DPD,FITCH MOUNTAIN,,TRUE,
180,FITCH MOUNTAIN 1111,42751111,792628,DPD,FITCH MOUNTAIN,,TRUE,
180,FITCH MOUNTAIN 1111,42751111,555644,DPD,FITCH MOUNTAIN,,TRUE,
180,FITCH MOUNTAIN 1112,42751112,,Breaker,FITCH MOUNTAIN,,TRUE,
180,FITCH MOUNTAIN 1113,42751113,583202,DPD,FITCH MOUNTAIN,,TRUE,
180,FITCH MOUNTAIN 1113,42751113,352,DPD,FITCH MOUNTAIN,,TRUE,
180,FITCH MOUNTAIN 1113,42751113,49826,DPD,FITCH MOUNTAIN,,TRUE,
180,FULTON 1102,42561102,16791,Switch,FULTON,,TRUE,
180,FULTON 1104,42561104,574040,Switch,FULTON,,TRUE,
180,FULTON 1107,42561107,136051,Switch,FULTON,,TRUE,
180,FULTON 1107,42561107,46958,DPD,FULTON,,TRUE,
180,GEYSERVILLE 1101,42891101,35492,DPD,GEYSERVILLE,,TRUE,
180,GEYSERVILLE 1101,42891101,480,DPD,GEYSERVILLE,,TRUE,
180,GEYSERVILLE 1102,42891102,537096,DPD,GEYSERVILLE,,TRUE,
180,GEYSERVILLE 1102,42891102,180193,DPD,GEYSERVILLE,,TRUE,
180,GEYSERVILLE 1102,42891102,220154,DPD,GEYSERVILLE,,TRUE,
180,LAKEVILLE 1102,43371102,87432,DPD,LAKEVILLE,,TRUE,
180,LAKEVILLE 1102,43371102,152632,DPD,LAKEVILLE,,TRUE,
180,LAKEVILLE 1102,43371102,347280,DPD,LAKEVILLE,,TRUE,
180,LAKEVILLE 1102,43371102,640147,Switch,LAKEVILLE,,TRUE,
180,LAKEVILLE 1102,43371102,367100,DPD,LAKEVILLE,,TRUE,
180,MIRABEL 1101,42091101,253331,DPD,MIRABEL,,TRUE,
180,MIRABEL 1101,42091101,915355,Switch,MIRABEL,,TRUE,
180,MIRABEL 1101,42091101,688780,DPD,MIRABEL,,TRUE,
180,MIRABEL 1101,42091101,228,DPD,MIRABEL,,TRUE,
180,MIRABEL 1101,42091101,201156,DPD,MIRABEL,,TRUE,
180,MIRABEL 1101,42091101,116,DPD,MIRABEL,,TRUE,
180,MIRABEL 1101,42091101,781318,DPD,MIRABEL,,TRUE,
180,MIRABEL 1102,42091102,503000,DPD,MIRABEL,,TRUE,
180,MIRABEL 1102,42091102,524356,DPD,MIRABEL,,TRUE,
180,MIRABEL 1102,42091102,86326,DPD,MIRABEL,,TRUE,
180,MOLINO 1101,42571101,465699,Switch,MOLINO,,TRUE,
180,MOLINO 1101,42571101,338,DPD,MOLINO,,TRUE,
180,MOLINO 1101,42571101,600112,DPD,MOLINO,,TRUE,
180,MOLINO 1102,42571102,178,DPD,MOLINO,,TRUE,
180,MOLINO 1102,42571102,1711,Switch,MOLINO,,TRUE,
180,MOLINO 1102,42571102,892311,Switch,MOLINO,,TRUE,
180,MOLINO 1102,42571102,111666,DPD,MOLINO,,TRUE,
180,MOLINO 1104,42571104,368158,DPD,MOLINO,,TRUE,
180,MONROE 2103,43302103,848530,DPD,MONROE,,TRUE,
180,MONROE 2107,43302107,380760,DPD,MONROE,,TRUE,
180,MONTE RIO 1113,42811113,539938,DPD,MONTE RIO,,TRUE,
180,MONTE RIO 1113,42811113,524,DPD,MONTE RIO,,TRUE,
180,PENNGROVE 1101,43471101,170,DPD,PENNGROVE,,TRUE,
180,PENNGROVE 1101,43471101,247511,DPD,PENNGROVE,,TRUE,
180,PETALUMA C 1108,42631108,600,DPD,PETALUMA C,,TRUE,
180,PETALUMA C 1108,42631108,233646,DPD,PETALUMA C,,TRUE,
180,PETALUMA C 1108,42631108,630,DPD,PETALUMA C,,TRUE,
180,PETALUMA C 1108,42631108,618,DPD,PETALUMA C,,TRUE,
180,PETALUMA C 1109,42631109,857148,DPD,PETALUMA C,,TRUE,
180,RINCON 1101,43321101,,Breaker,RINCON,,TRUE,
180,RINCON 1101,43321101,539980,DPD,RINCON,,TRUE,
180,RINCON 1101,43321101,205854,DPD,RINCON,,TRUE,
180,RINCON 1101,43321101,663641,DPD,RINCON,,TRUE,
180,RINCON 1101,43321101,839669,DPD,RINCON,,TRUE,
180,RINCON 1102,43321102,782389,DPD,RINCON,,TRUE,
180,RINCON 1102,43321102,15265,Fuse,RINCON,,TRUE,
180,RINCON 1103,43321103,,Breaker,RINCON,,TRUE,
180,RINCON 1104,43321104,786782,DPD,RINCON,,TRUE,
180,SALMON CREEK 1101,43161101,4089,Switch,SALMON CREEK,,TRUE,
180,SALMON CREEK 1101,43161101,196,DPD,SALMON CREEK,,TRUE,
180,SANTA ROSA A 1104,42151104,1173,Switch,SANTA ROSA A,,TRUE,
180,SANTA ROSA A 1104,42151104,209043,Switch,SANTA ROSA A,,TRUE,
180,SANTA ROSA A 1104,42151104,834094,DPD,SANTA ROSA A,,TRUE,
180,SANTA ROSA A 1104,42151104,991788,DPD,SANTA ROSA A,,TRUE,
180,SANTA ROSA A 1107,42151107,158743,Switch,SANTA ROSA A,,TRUE,
180,SANTA ROSA A 1108,42151108,409621,DPD,SANTA ROSA A,,TRUE,
180,SANTA ROSA A 1111,42151111,147198,DPD,SANTA ROSA A,,TRUE,
180,SANTA ROSA A 1111,42151111,407286,DPD,SANTA ROSA A,,TRUE,
180,SANTA ROSA A 1111,42151111,758024,DPD,SANTA ROSA A,,TRUE,
180,SANTA ROSA A 1111,42151111,288669,DPD,SANTA ROSA A,,TRUE,
180,SONOMA 1103,42721103,3052,DPD,SONOMA,,TRUE,
180,SONOMA 1103,42721103,581588,DPD,SONOMA,,TRUE,
180,SONOMA 1104,42721104,717791,Switch,SONOMA,,TRUE,
180,SONOMA 1104,42721104,914376,DPD,SONOMA,,TRUE,
180,SONOMA 1105,42721105,539450,DPD,SONOMA,,TRUE,
180,SONOMA 1105,42721105,404,DPD,SONOMA,,TRUE,
180,SONOMA 1105,42721105,575872,DPD,SONOMA,,TRUE,
180,SONOMA 1106,42721106,296492,DPD,SONOMA,,TRUE,
180,SONOMA 1106,42721106,510055,DPD,SONOMA,,TRUE,
180,SONOMA 1107,42721107,844168,DPD,SONOMA,,TRUE,
180,SONOMA 1107,42721107,854266,DPD,SONOMA,,TRUE,
180,WINDSOR 1103,43501103,701650,DPD,WINDSOR,,TRUE,
185,BOLINAS 1101,42261101,,Breaker,BOLINAS,,TRUE,
185,OLEMA 1101,42291101,1318,DPD,OLEMA,,TRUE,
190,ALTO 1122,42031122,,Breaker,ALTO,,TRUE,
190,ALTO 1123,42031123,820379,DPD,ALTO,,TRUE,
190,ALTO 1124,42031124,1325,Switch,ALTO,,TRUE,
190,ALTO 1124,42031124,7415,Switch,ALTO,,TRUE,
190,ALTO 1124,42031124,703432,DPD,ALTO,,TRUE,
190,ALTO 1124,42031124,553571,DPD,ALTO,,TRUE,
190,ALTO 1124,42031124,526955,DPD,ALTO,,TRUE,
190,ALTO 1124,42031124,965060,DPD,ALTO,,TRUE,
190,ALTO 1124,42031124,870444,DPD,ALTO,,TRUE,
190,ALTO 1124,42031124,319320,DPD,ALTO,,TRUE,
190,ALTO 1124,42031124,810594,DPD,ALTO,,TRUE,
190,ALTO 1124,42031124,884949,DPD,ALTO,,TRUE,
190,ALTO 1124,42031124,246034,DPD,ALTO,,TRUE,
190,ALTO 1124,42031124,994213,DPD,ALTO,,TRUE,
190,ALTO 1125,42031125,1226,DPD,ALTO,,TRUE,
190,ALTO 1125,42031125,905,DPD,ALTO,,TRUE,
190,ALTO 1125,42031125,296476,DPD,ALTO,,TRUE,
190,ALTO 1125,42031125,291744,DPD,ALTO,,TRUE,
190,ALTO 1125,42031125,781759,DPD,ALTO,,TRUE,
190,BOLINAS 1101,42261101,806,DPD,BOLINAS,,TRUE,
190,GREENBRAE 1102,43091102,1254,DPD,GREENBRAE,,TRUE,
190,GREENBRAE 1103,43091103,718674,DPD,GREENBRAE,,TRUE,
190,GREENBRAE 1104,43091104,107508,DPD,GREENBRAE,,TRUE,
190,GREENBRAE 1104,43091104,972264,DPD,GREENBRAE,,TRUE,
190,GREENBRAE 1104,43091104,317890,DPD,GREENBRAE,,TRUE,
190,IGNACIO 1101,42481101,,Breaker,IGNACIO,,TRUE,
190,IGNACIO 1101,42481101,2503,Switch,IGNACIO,,TRUE,
190,IGNACIO 1101,42481101,1053,Fuse,IGNACIO,,TRUE,
190,IGNACIO 1101,42481101,1300,DPD,IGNACIO,,TRUE,
190,IGNACIO 1101,42481101,2219,Switch,IGNACIO,,TRUE,
190,IGNACIO 1103,42481103,2895,Fuse,IGNACIO,,TRUE,
190,IGNACIO 1103,42481103,504941,DPD,IGNACIO,,TRUE,
190,IGNACIO 1103,42481103,151462,DPD,IGNACIO,,TRUE,
190,IGNACIO 1105,42481105,784032,DPD,IGNACIO,,TRUE,
190,IGNACIO 1105,42481105,967039,DPD,IGNACIO,,TRUE,
190,IGNACIO 1105,42481105,775176,DPD,IGNACIO,,TRUE,
190,IGNACIO 1105,42481105,490728,DPD,IGNACIO,,TRUE,
190,IGNACIO 1105,42481105,683542,DPD,IGNACIO,,TRUE,
190,LAS GALLINAS A 1104,42991104,507389,DPD,LAS GALLINAS A,,TRUE,
190,LAS GALLINAS A 1104,42991104,309087,DPD,LAS GALLINAS A,,TRUE,
190,LAS GALLINAS A 1105,42991105,4543,Switch,LAS GALLINAS A,,TRUE,
190,LAS GALLINAS A 1105,42991105,648439,DPD,LAS GALLINAS A,,TRUE,
190,LAS GALLINAS A 1106,42991106,685656,DPD,LAS GALLINAS A,,TRUE,
190,LAS GALLINAS A 1106,42991106,206332,DPD,LAS GALLINAS A,,TRUE,
190,LAS GALLINAS A 1106,42991106,685852,DPD,LAS GALLINAS A,,TRUE,
190,SAN RAFAEL 1101,42011101,189400,DPD,SAN RAFAEL,,TRUE,
190,SAN RAFAEL 1101,42011101,546438,DPD,SAN RAFAEL,,TRUE,
190,SAN RAFAEL 1104,42011104,6233,Switch,SAN RAFAEL,,TRUE,
190,SAN RAFAEL 1105,42011105,534,DPD,SAN RAFAEL,,TRUE,
190,SAN RAFAEL 1105,42011105,818262,DPD,SAN RAFAEL,,TRUE,
190,SAN RAFAEL 1106,42011106,801100,Switch,SAN RAFAEL,,TRUE,
190,SAN RAFAEL 1106,42011106,683931,Switch,SAN RAFAEL,,TRUE,
190,SAN RAFAEL 1106,42011106,764698,DPD,SAN RAFAEL,,TRUE,
190,SAN RAFAEL 1106,42011106,588020,DPD,SAN RAFAEL,,TRUE,
190,SAN RAFAEL 1106,42011106,226409,DPD,SAN RAFAEL,,TRUE,
190,SAN RAFAEL 1106,42011106,618957,DPD,SAN RAFAEL,,TRUE,
190,SAN RAFAEL 1106,42011106,307651,DPD,SAN RAFAEL,,TRUE,
190,SAN RAFAEL 1107,42011107,,Breaker,SAN RAFAEL,,TRUE,
190,SAN RAFAEL 1108,42011108,,Breaker,SAN RAFAEL,,TRUE,
190,SAN RAFAEL 1109,42011109,3691,Switch,SAN RAFAEL,,TRUE,
190,SAN RAFAEL 1109,42011109,692576,DPD,SAN RAFAEL,,TRUE,
190,SAN RAFAEL 1109,42011109,535284,DPD,SAN RAFAEL,,TRUE,
190,STAFFORD 1101,43201101,,Breaker,STAFFORD,,TRUE,
190,STAFFORD 1101,43201101,344092,DPD,STAFFORD,,TRUE,
190,STAFFORD 1101,43201101,803535,DPD,STAFFORD,,TRUE,
190,STAFFORD 1101,43201101,405812,DPD,STAFFORD,,TRUE,
190,STAFFORD 1101,43201101,902998,DPD,STAFFORD,,TRUE,
190,STAFFORD 1102,43201102,,Breaker,STAFFORD,,TRUE,
190,WOODACRE 1101,43021101,,Breaker,WOODACRE,,TRUE,
190,WOODACRE 1102,43021102,,Breaker,WOODACRE,,TRUE,
230,WILLOW CREEK 1103,192171103,2936,DPD,WILLOW CREEK,,TRUE,
238,WILDWOOD 1101,103611101,,Breaker,WILDWOOD,,TRUE,
241,Antler 1101,103271101,,Breaker,Antler,,TRUE,
241,French Gulch 1101,103381101,,Breaker,French Gulch,,TRUE,
241,French Gulch 1102,103381102,,Breaker,French Gulch,,TRUE,
241,GIRVAN 1101,103401101,1330,DPD,GIRVAN,,TRUE,
241,Keswick 1101,103451101,1588,DPD,Keswick,,TRUE,
244,Cedar Creek 1101,103321101,,Breaker,Cedar Creek,,TRUE,
244,Pit No 3 2101,103732101,,Breaker,Pit No,,TRUE,
244,Pit No 5 1101,101321101,,Breaker,Pit No,,TRUE,
244,Pit No 7 1101,103501101,,Breaker,Pit No,,TRUE,
244,Volta 1101,102541101,,Breaker,Volta,,TRUE,
244,Volta 1102,102541102,,Breaker,Volta,,TRUE,
244,Volta 1102,102541102,765366,DPD,Volta,,TRUE,
244,Whitmore 1101,103601101,,Breaker,Whitmore,,TRUE,
245,Corning 1102,103331102,53184,DPD,Corning,,TRUE,
245,Elk Creek 1101,102781101,,Breaker,Elk Creek,,TRUE,
245,GIRVAN 1101,103401101,323094,DPD,GIRVAN,,TRUE,
245,GLENN 1101,102601101,2012,DPD,GLENN,,TRUE,
245,Wildwood 1101,103611101,98896,DPD,Wildwood,,TRUE,
246,ANDERSON 1101,103261101,1752,DPD,ANDERSON,,TRUE,
246,ANDERSON 1101,103261101,514412,DPD,ANDERSON,,TRUE,
246,ANDERSON 1101,103261101,561686,DPD,ANDERSON,,TRUE,
246,ANDERSON 1101,103261101,909424,DPD,ANDERSON,,TRUE,
246,ANDERSON 1101,103261101,426745,DPD,ANDERSON,,TRUE,
246,ANDERSON 1101,103261101,583708,DPD,ANDERSON,,TRUE,
246,ANDERSON 1103,103261103,226050,DPD,ANDERSON,,TRUE,
246,CORNING 1101,103331101,87304,DPD,CORNING,,TRUE,
246,CORNING 1102,103331102,915324,DPD,CORNING,,TRUE,
246,COTTONWOOD 1101,102931101,384360,DPD,COTTONWOOD,,TRUE,
246,COTTONWOOD 1102,102931102,544790,DPD,COTTONWOOD,,TRUE,
246,COTTONWOOD 1103,102931103,59128,DPD,COTTONWOOD,,TRUE,
246,DESCHUTES 1101,103351101,,Breaker,DESCHUTES,,TRUE,
246,DESCHUTES 1104,103351104,,Breaker,DESCHUTES,,TRUE,
246,Elk Creek 1101,102781101,2004,DPD,Elk Creek,,TRUE,
246,GIRVAN 1101,103401101,,Breaker,GIRVAN,,TRUE,
246,GIRVAN 1102,103401102,296428,DPD,GIRVAN,,TRUE,
246,GIRVAN 1102,103401102,80726,DPD,GIRVAN,,TRUE,
246,GIRVAN 1102,103401102,212096,DPD,GIRVAN,,TRUE,
246,JESSUP 1101,103441101,94468,DPD,JESSUP,,TRUE,
246,JESSUP 1101,103441101,68362,DPD,JESSUP,,TRUE,
246,JESSUP 1102,103441102,936897,DPD,JESSUP,,TRUE,
246,JESSUP 1102,103441102,158468,DPD,JESSUP,,TRUE,
246,JESSUP 1103,103441103,728460,DPD,JESSUP,,TRUE,
246,JESSUP 1103,103441103,348657,DPD,JESSUP,,TRUE,
246,KESWICK 1101,103451101,,Breaker,KESWICK,,TRUE,
246,LOGAN CREEK 2102,103142102,795010,DPD,LOGAN CREEK,,TRUE,
246,LOS MOLINOS 1101,103481101,297862,DPD,LOS MOLINOS,,TRUE,
246,OREGON TRAIL 1102,103521102,,Breaker,OREGON TRAIL,,TRUE,
246,OREGON TRAIL 1103,103521103,,Breaker,OREGON TRAIL,,TRUE,
246,OREGON TRAIL 1104,103521104,,Breaker,OREGON TRAIL,,TRUE,
246,PANORAMA 1101,103461101,713592,DPD,PANORAMA,,TRUE,
246,PANORAMA 1101,103461101,885215,DPD,PANORAMA,,TRUE,
246,PANORAMA 1102,103461102,280170,DPD,PANORAMA,,TRUE,
246,PANORAMA 1102,103461102,508502,DPD,PANORAMA,,TRUE,
246,RAWSON 1103,103531103,428534,DPD,RAWSON,,TRUE,
246,RED BLUFF 1101,103541101,1556,DPD,RED BLUFF,,TRUE,
246,RED BLUFF 1101,103541101,76020,DPD,RED BLUFF,,TRUE,
246,RED BLUFF 1101,103541101,770129,Switch,RED BLUFF,,TRUE,
246,RED BLUFF 1103,103541103,1702,DPD,RED BLUFF,,TRUE,
246,RED BLUFF 1104,103541104,1302,DPD,RED BLUFF,,TRUE,
246,RED BLUFF 1104,103541104,135854,DPD,RED BLUFF,,TRUE,
246,RED BLUFF 1105,103541105,146070,DPD,RED BLUFF,,TRUE,
246,STILLWATER 1101,103561101,,Breaker,STILLWATER,,TRUE,
246,STILLWATER 1102,103561102,,Breaker,STILLWATER,,TRUE,
246,TYLER 1105,103571105,85132,DPD,TYLER,,TRUE,
246,TYLER 1105,103571105,816852,DPD,TYLER,,TRUE,
247,Anita 1106,102841106,552724,DPD,Anita,,TRUE,
247,Deschutes 1101,103351101,1580,DPD,Deschutes,,TRUE,
247,Deschutes 1101,103351101,1652,DPD,Deschutes,,TRUE,
247,Oregon Trail 1103,103521103,1448,DPD,Oregon Trail,,TRUE,
247,Volta 1101,102541101,1568,DPD,Volta,,TRUE,
247,Volta 1101,102541101,65764,DPD,Volta,,TRUE,
247,Volta 1102,102541102,1646,DPD,Volta,,TRUE,
247,Whitmore 1101,103601101,45262,DPD,Whitmore,,TRUE,
248,BIG BEND 1101,103751101,180398,DPD,BIG BEND,,TRUE,
248,BIG BEND 1101,103751101,641808,DPD,BIG BEND,,TRUE,
248,BUCKS CREEK 1101,102211101,,Breaker,BUCKS CREEK,,TRUE,
248,CRESTA 1101,102251101,103126,DPD,CRESTA,,TRUE,
248,ORO FINO 1102,103031102,2040,DPD,ORO FINO,,TRUE,
248,ORO FINO 1102,103031102,2096,DPD,ORO FINO,,TRUE,
248,VOLTA 1101,102541101,85234,DPD,VOLTA,,TRUE,
249,Burney 1101,103311101,,Breaker,Burney,,TRUE,
249,Burney 1102,103311102,272636,DPD,Burney,,TRUE,
249,Mc Arthur 1101,103491101,1490,DPD,Mc Arthur,,TRUE,
249,Mc Arthur 1102,103491102,542920,DPD,Mc Arthur,,TRUE,
249,Pit No 1 1101,103721101,950395,Switch,Pit No,,TRUE,
249,Pit No 1 1101,103721101,80795,Switch,Pit No,,TRUE,
249,Pit No 1 1101,103721101,,Breaker,Pit No,,TRUE,
249,Pit No 3 2101,103732101,,Breaker,Pit No,,TRUE,
249,Rising River 1101,103551101,,Breaker,Rising River,,TRUE,
250,Rising River 1101,103551101,1530,DPD,Rising River,,TRUE,
255,Mc Arthur 1101,103491101,648698,DPD,Mc Arthur,,TRUE,
255,Mc Arthur 1101,103491101,501106,DPD,Mc Arthur,,TRUE,
262,Bogard 1101,103301101,,Breaker,Bogard,,TRUE,
280,BANGOR 1101,103191101,,Breaker,BANGOR,,TRUE,
280,BIG BEND 1101,103751101,,Breaker,BIG BEND,,TRUE,
280,BIG BEND 1102,103751102,,Breaker,BIG BEND,,TRUE,
280,BUTTE 1105,103081105,751990,DPD,BUTTE,,TRUE,
280,CLARK ROAD 1102,103091102,,Breaker,CLARK ROAD,,TRUE,
280,KANAKA 1101,103221101,1417,Switch,KANAKA,,TRUE,
280,NOTRE DAME 1104,102041104,937710,DPD,NOTRE DAME,,TRUE,
280,NOTRE DAME 1104,102041104,2408,DPD,NOTRE DAME,,TRUE,
280,ORO FINO 1101,103031101,,Breaker,ORO FINO,,TRUE,
280,ORO FINO 1102,103031102,,Breaker,ORO FINO,,TRUE,
280,PARADISE 1103,102831103,2534,DPD,PARADISE,,TRUE,
280,PARADISE 1103,102831103,315439,Switch,PARADISE,,TRUE,
280,PARADISE 1103,102831103,772517,DPD,PARADISE,,TRUE,
280,PARADISE 1103,102831103,2183,Switch,PARADISE,,TRUE,
280,PARADISE 1103,102831103,5005,Fuse,PARADISE,,TRUE,
280,PARADISE 1103,102831103,468200,DPD,PARADISE,,TRUE,
280,PARADISE 1103,102831103,143744,DPD,PARADISE,,TRUE,
280,PARADISE 1104,102831104,355681,Switch,PARADISE,,TRUE,
280,PARADISE 1104,102831104,,Breaker,PARADISE,,TRUE,
280,PARADISE 1105,102831105,,Breaker,PARADISE,,TRUE,
280,PARADISE 1106,102831106,,Breaker,PARADISE,,TRUE,
280,SYCAMORE CREEK 1111,102971111,976428,DPD,SYCAMORE CREEK,,TRUE,
280,SYCAMORE CREEK 1111,102971111,153260,DPD,SYCAMORE CREEK,,TRUE,
280,SYCAMORE CREEK 1111,102971111,592100,DPD,SYCAMORE CREEK,,TRUE,
280,WYANDOTTE 1102,102911102,13044,DPD,WYANDOTTE,,TRUE,
280,WYANDOTTE 1103,102911103,1504,DPD,WYANDOTTE,,TRUE,
280,WYANDOTTE 1105,102911105,1615,Switch,WYANDOTTE,,TRUE,
280,WYANDOTTE 1105,102911105,329930,DPD,WYANDOTTE,,TRUE,
280,WYANDOTTE 1105,102911105,,Breaker,WYANDOTTE,,TRUE,
280,WYANDOTTE 1106,102911106,41650,DPD,WYANDOTTE,,TRUE,
280,WYANDOTTE 1107,102911107,37472,DPD,WYANDOTTE,,TRUE,
280,WYANDOTTE 1107,102911107,77578,DPD,WYANDOTTE,,TRUE,
280,WYANDOTTE 1109,102911109,702710,DPD,WYANDOTTE,,TRUE,
280,WYANDOTTE 1109,102911109,42650,DPD,WYANDOTTE,,TRUE,
280,WYANDOTTE 1110,102911110,980944,DPD,WYANDOTTE,,TRUE,
280,WYANDOTTE 1110,102911110,873858,DPD,WYANDOTTE,,TRUE,
280,WYANDOTTE 1110,102911110,144140,DPD,WYANDOTTE,,TRUE,
282,BIG BEND 1102,103751102,,Breaker,BIG BEND,,TRUE,
282,CHALLENGE 1101,103201101,,Breaker,CHALLENGE,,TRUE,
282,CHALLENGE 1102,103201102,,Breaker,CHALLENGE,,TRUE,
282,KANAKA 1101,103221101,,Breaker,KANAKA,,TRUE,
282,WYANDOTTE 1103,102911103,1974,DPD,WYANDOTTE,,TRUE,
285,Big Meadows 2101,102812101,,Breaker,Big Meadows,,TRUE,
285,BUCKS CREEK 1102,102211102,,Breaker,BUCKS CREEK,,TRUE,
285,BUCKS CREEK 1103,102211103,,Breaker,BUCKS CREEK,,TRUE,
285,CHALLENGE 1101,103201101,98174,DPD,CHALLENGE,,TRUE,
285,Crescent Mills 2101,103132101,,Breaker,Crescent Mills,,TRUE,
285,East Quincy 1101,102551101,951424,DPD,East Quincy,,TRUE,
285,East Quincy 1101,102551101,186938,DPD,East Quincy,,TRUE,
285,East Quincy 1101,102551101,678650,DPD,East Quincy,,TRUE,
285,East Quincy 1101,102551101,782320,DPD,East Quincy,,TRUE,
285,East Quincy 1101,102551101,424048,DPD,East Quincy,,TRUE,
285,Gansner 1101,103021101,480328,DPD,Gansner,,TRUE,
285,Gansner 1101,103021101,489276,DPD,Gansner,,TRUE,
285,Gansner 1101,103021101,336664,DPD,Gansner,,TRUE,
285,Gansner 1101,103021101,372132,DPD,Gansner,,TRUE,
285,Gansner 1101,103021101,590690,DPD,Gansner,,TRUE,
285,Gansner 1101,103021101,174072,DPD,Gansner,,TRUE,
285,Grays Flat 0401,102530401,,Breaker,Grays Flat,,TRUE,
285,SPANISH CREEK 4401,103104401,,Breaker,SPANISH CREEK,,TRUE,
290,Big Meadows 2101,102812101,2474,DPD,Big Meadows,,TRUE,
290,Big Meadows 2101,102812101,2476,DPD,Big Meadows,,TRUE,
290,Chester 1101,103181101,922138,DPD,Chester,,TRUE,
290,Chester 1101,103181101,656108,DPD,Chester,,TRUE,
290,Chester 1102,103181102,546744,DPD,Chester,,TRUE,
290,Hamilton Branch 1101,102361101,,Breaker,Hamilton Branch,,TRUE,
300,BANGOR 1101,103191101,1958,DPD,BANGOR,,TRUE,
300,BANGOR 1101,103191101,879812,DPD,BANGOR,,TRUE,
300,BANGOR 1101,103191101,301886,DPD,BANGOR,,TRUE,
300,BANGOR 1101,103191101,979830,DPD,BANGOR,,TRUE,
300,AUBURN 1101,152161101,173014,DPD,AUBURN,,TRUE,
300,AUBURN 1102,152161102,251946,DPD,AUBURN,,TRUE,
300,BELL 1107,152701107,2400,DPD,BELL,,TRUE,
300,BELL 1107,152701107,912460,DPD,BELL,,TRUE,
300,BELL 1107,152701107,643778,DPD,BELL,,TRUE,
300,BELL 1107,152701107,50172,DPD,BELL,,TRUE,
300,BELL 1108,152701108,467470,DPD,BELL,,TRUE,
300,BELL 1108,152701108,339792,DPD,BELL,,TRUE,
300,BELL 1109,152701109,724884,DPD,BELL,,TRUE,
300,BELL 1110,152701110,946229,DPD,BELL,,TRUE,
300,BROWNS VALLEY 1101,152921101,,Breaker,BROWNS VALLEY,,TRUE,
300,DELMAR 2109,152582109,805882,DPD,DELMAR,,TRUE,
300,DELMAR 2109,152582109,306972,DPD,DELMAR,,TRUE,
300,DELMAR 2109,152582109,378446,DPD,DELMAR,,TRUE,
300,FLINT 1101,152531101,958726,DPD,FLINT,,TRUE,
300,FLINT 1102,152531102,,Breaker,FLINT,,TRUE,
300,GRASS VALLEY 1103,152031103,2180,DPD,GRASS VALLEY,,TRUE,
300,HALSEY 1101,152241101,1704,DPD,HALSEY,,TRUE,
300,HALSEY 1101,152241101,2414,DPD,HALSEY,,TRUE,
300,HALSEY 1102,152241102,2514,DPD,HALSEY,,TRUE,
300,HIGGINS 1103,152691103,,Breaker,HIGGINS,,TRUE,
300,HIGGINS 1107,152691107,,Breaker,HIGGINS,,TRUE,
300,HIGGINS 1108,152691108,,Breaker,HIGGINS,,TRUE,
300,HIGGINS 1109,152691109,,Breaker,HIGGINS,,TRUE,
300,HIGGINS 1110,152691110,869408,DPD,HIGGINS,,TRUE,
300,HORSESHOE 1101,152571101,603250,DPD,HORSESHOE,,TRUE,
300,HORSESHOE 1101,152571101,416226,DPD,HORSESHOE,,TRUE,
300,HORSESHOE 1101,152571101,663244,DPD,HORSESHOE,,TRUE,
300,HORSESHOE 1104,152571104,50142,DPD,HORSESHOE,,TRUE,
300,LINCOLN 1101,153701101,38563,Fuse,LINCOLN,,TRUE,
300,LINCOLN 1104,153701104,2070,DPD,LINCOLN,,TRUE,
300,LINCOLN 1104,153701104,685276,DPD,LINCOLN,,TRUE,
300,LINCOLN 1104,153701104,275986,DPD,LINCOLN,,TRUE,
300,LINCOLN 1104,153701104,187205,Switch,LINCOLN,,TRUE,
300,NARROWS 2101,153132101,,Breaker,NARROWS,,TRUE,
300,NARROWS 2102,153132102,,Breaker,NARROWS,,TRUE,
300,NARROWS 2105,153132105,,Breaker,NARROWS,,TRUE,
300,NARROWS 1151,153131151,,Breaker,NARROWS,,TRUE,
300,PENRYN 1103,152561103,,Breaker,PENRYN,,TRUE,
300,PENRYN 1105,152561105,817491,DPD,PENRYN,,TRUE,
300,PENRYN 1105,152561105,154362,DPD,PENRYN,,TRUE,
300,PENRYN 1105,152561105,119949,DPD,PENRYN,,TRUE,
300,PENRYN 1105,152561105,168616,DPD,PENRYN,,TRUE,
300,PENRYN 1105,152561105,51676,DPD,PENRYN,,TRUE,
300,PENRYN 1106,152561106,212772,DPD,PENRYN,,TRUE,
300,PENRYN 1107,152561107,,Breaker,PENRYN,,TRUE,
300,PLACER 1101,152461101,106534,DPD,PLACER,,TRUE,
300,PLACER 1101,152461101,725473,Switch,PLACER,,TRUE,
300,PLACER 1101,152461101,510009,Switch,PLACER,,TRUE,
300,PLACER 1101,152461101,208930,DPD,PLACER,,TRUE,
300,PLACER 1102,152461102,,Breaker,PLACER,,TRUE,
300,PLACER 1103,152461103,,Breaker,PLACER,,TRUE,
300,PLACER 1103,152461103,429574,DPD,PLACER,,TRUE,
300,PLACER 1103,152461103,284874,DPD,PLACER,,TRUE,
300,PLACER 1103,152461103,238990,DPD,PLACER,,TRUE,
300,SMARTVILLE 1101,153791101,,Breaker,SMARTVILLE,,TRUE,
300,WHEATLAND 1105,152811105,248490,DPD,WHEATLAND,,TRUE,
300,WISE 1101,152271101,,Breaker,WISE,,TRUE,
300,WISE 1102,152271102,,Breaker,WISE,,TRUE,
305,CLARKSVILLE 2103,153612103,593454,DPD,CLARKSVILLE,,TRUE,
305,CLARKSVILLE 2104,153612104,,Breaker,CLARKSVILLE,,TRUE,
305,CLARKSVILLE 2105,153612105,75884,DPD,CLARKSVILLE,,TRUE,
305,CLARKSVILLE 2109,153612109,781566,DPD,CLARKSVILLE,,TRUE,
305,CLARKSVILLE 2109,153612109,649874,DPD,CLARKSVILLE,,TRUE,
305,CLARKSVILLE 2109,153612109,102734,DPD,CLARKSVILLE,,TRUE,
305,CLARKSVILLE 2109,153612109,285303,Switch,CLARKSVILLE,,TRUE,
305,CLARKSVILLE 2109,153612109,51744,DPD,CLARKSVILLE,,TRUE,
305,DIAMOND SPRINGS 1105,152261105,,Breaker,DIAMOND SPRINGS,,TRUE,
305,DIAMOND SPRINGS 1107,152261107,1402,DPD,DIAMOND SPRINGS,,TRUE,
305,FLINT 1101,152531101,750,DPD,FLINT,,TRUE,
305,MOUNTAIN QUARRIES 2101,152282101,1102,DPD,MOUNTAIN QUARRIES,,TRUE,
305,SHINGLE SPRINGS 1103,153651103,,Breaker,SHINGLE SPRINGS,,TRUE,
305,SHINGLE SPRINGS 1104,153651104,,Breaker,SHINGLE SPRINGS,,TRUE,
305,SHINGLE SPRINGS 2105,153652105,,Breaker,SHINGLE SPRINGS,,TRUE,
305,SHINGLE SPRINGS 2108,153652108,,Breaker,SHINGLE SPRINGS,,TRUE,
305,SHINGLE SPRINGS 2109,153652109,,Breaker,SHINGLE SPRINGS,,TRUE,
305,SHINGLE SPRINGS 2110,153652110,,Breaker,SHINGLE SPRINGS,,TRUE,
305,CLAY 1101,163341101,,Breaker,CLAY,,TRUE,
305,CLAY 1102,163341102,,Breaker,CLAY,,TRUE,
305,CLAY 1103,163341103,,Breaker,CLAY,,TRUE,
305,IONE 1101,163881101,,Breaker,IONE,,TRUE,
305,MARTELL 1103,163011103,3152,DPD,MARTELL,,TRUE,
305,OLETA 1101,163541101,1208,DPD,OLETA,,TRUE,
305,OLETA 1101,163541101,239062,DPD,OLETA,,TRUE,
320,CALAVERAS CEMENT 1101,162211101,,Breaker,CALAVERAS CEMENT,,TRUE,
320,CLAY 1103,163341103,7124,DPD,CLAY,,TRUE,
320,Corral 1101,162991101,965803,Switch,Corral,,TRUE,
320,Corral 1102,162991102,,Breaker,Corral,,TRUE,
320,Corral 1103,162991103,831781,DPD,Corral,,TRUE,
320,Corral 1103,162991103,569005,DPD,Corral,,TRUE,
320,Corral 1103,162991103,13474,DPD,Corral,,TRUE,
320,Corral 1103,162991103,681991,DPD,Corral,,TRUE,
320,Corral 1103,162991103,936674,DPD,Corral,,TRUE,
320,FROGTOWN 1701,163451701,,Breaker,FROGTOWN,,TRUE,
320,FROGTOWN 1702,163451702,737236,DPD,FROGTOWN,,TRUE,
320,FROGTOWN 1702,163451702,694042,DPD,FROGTOWN,,TRUE,
320,FROGTOWN 1702,163451702,204480,DPD,FROGTOWN,,TRUE,
320,FROGTOWN 1702,163451702,739858,DPD,FROGTOWN,,TRUE,
320,FROGTOWN 1702,163451702,798032,DPD,FROGTOWN,,TRUE,
320,FROGTOWN 1702,163451702,814784,DPD,FROGTOWN,,TRUE,
320,FROGTOWN 1702,163451702,832694,DPD,FROGTOWN,,TRUE,
320,FROGTOWN 1702,163451702,224708,DPD,FROGTOWN,,TRUE,
320,FROGTOWN 1702,163451702,411508,DPD,FROGTOWN,,TRUE,
320,FROGTOWN 1702,163451702,390720,DPD,FROGTOWN,,TRUE,
320,FROGTOWN 1702,163451702,812366,DPD,FROGTOWN,,TRUE,
320,FROGTOWN 1702,163451702,307998,DPD,FROGTOWN,,TRUE,
320,FROGTOWN 1702,163451702,592404,DPD,FROGTOWN,,TRUE,
320,North Branch 1101,163231101,,Breaker,North Branch,,TRUE,
320,CURTIS 1703,163351703,6064,DPD,CURTIS,,TRUE,
320,Merced Falls 1102,252811102,85002,DPD,Merced Falls,,TRUE,
320,Merced Falls 1102,252811102,38748,DPD,Merced Falls,,TRUE,
320,PEORIA 1701,163781701,,Breaker,PEORIA,,TRUE,
320,PEORIA 1704,163781704,,Breaker,PEORIA,,TRUE,
320,PEORIA 1705,163781705,,Breaker,PEORIA,,TRUE,
320,RACETRACK 1703,163761703,6014,DPD,RACETRACK,,TRUE,
320,RACETRACK 1704,163761704,,Breaker,RACETRACK,,TRUE,
330,CHALLENGE 1102,103201102,1064,DPD,CHALLENGE,,TRUE,
330,CHALLENGE 1102,103201102,5462,DPD,CHALLENGE,,TRUE,
330,BANGOR 1101,103191101,1806,DPD,BANGOR,,TRUE,
330,BONNIE NOOK 1101,152301101,,Breaker,BONNIE NOOK,,TRUE,
330,BONNIE NOOK 1102,152301102,,Breaker,BONNIE NOOK,,TRUE,
330,BRUNSWICK 1102,152481102,,Breaker,BRUNSWICK,,TRUE,
330,BRUNSWICK 1103,152481103,2784,DPD,BRUNSWICK,,TRUE,
330,BRUNSWICK 1103,152481103,8918,DPD,BRUNSWICK,,TRUE,
330,BRUNSWICK 1103,152481103,510529,Switch,BRUNSWICK,,TRUE,
330,BRUNSWICK 1103,152481103,956424,DPD,BRUNSWICK,,TRUE,
330,BRUNSWICK 1103,152481103,234378,DPD,BRUNSWICK,,TRUE,
330,BRUNSWICK 1103,152481103,42931,Switch,BRUNSWICK,,TRUE,
330,BRUNSWICK 1103,152481103,851116,DPD,BRUNSWICK,,TRUE,
330,BRUNSWICK 1104,152481104,56468,DPD,BRUNSWICK,,TRUE,
330,BRUNSWICK 1104,152481104,285704,DPD,BRUNSWICK,,TRUE,
330,BRUNSWICK 1104,152481104,244027,DPD,BRUNSWICK,,TRUE,
330,BRUNSWICK 1104,152481104,327226,DPD,BRUNSWICK,,TRUE,
330,BRUNSWICK 1105,152481105,339665,Switch,BRUNSWICK,,TRUE,
330,BRUNSWICK 1105,152481105,297538,DPD,BRUNSWICK,,TRUE,
330,BRUNSWICK 1106,152481106,,Breaker,BRUNSWICK,,TRUE,
330,BRUNSWICK 1107,152481107,50010,DPD,BRUNSWICK,,TRUE,
330,BRUNSWICK 1107,152481107,969778,DPD,BRUNSWICK,,TRUE,
330,BRUNSWICK 1107,152481107,450739,Switch,BRUNSWICK,,TRUE,
330,BRUNSWICK 1107,152481107,357568,DPD,BRUNSWICK,,TRUE,
330,BRUNSWICK 1110,152481110,832231,DPD,BRUNSWICK,,TRUE,
330,BRUNSWICK 1110,152481110,528196,DPD,BRUNSWICK,,TRUE,
330,COLUMBIA HILL 1101,152471101,,Breaker,COLUMBIA HILL,,TRUE,
330,DOBBINS 1101,153741101,,Breaker,DOBBINS,,TRUE,
330,FORESTHILL 1101,152181101,,Breaker,FORESTHILL,,TRUE,
330,FORESTHILL 1102,152181102,,Breaker,FORESTHILL,,TRUE,
330,GRASS VALLEY 1101,152031101,750804,DPD,GRASS VALLEY,,TRUE,
330,GRASS VALLEY 1101,152031101,2208,DPD,GRASS VALLEY,,TRUE,
330,GRASS VALLEY 1101,152031101,2766,DPD,GRASS VALLEY,,TRUE,
330,GRASS VALLEY 1101,152031101,528232,DPD,GRASS VALLEY,,TRUE,
330,GRASS VALLEY 1103,152031103,,Breaker,GRASS VALLEY,,TRUE,
330,HALSEY 1101,152241101,76178,DPD,HALSEY,,TRUE,
330,HIGGINS 1103,152691103,32120,DPD,HIGGINS,,TRUE,
330,HIGGINS 1104,152691104,,Breaker,HIGGINS,,TRUE,
330,HIGGINS 1110,152691110,,Breaker,HIGGINS,,TRUE,
330,NARROWS 2102,153132102,48484,DPD,NARROWS,,TRUE,
330,NARROWS 2105,153132105,2216,DPD,NARROWS,,TRUE,
330,SHADY GLEN 1101,152431101,2768,DPD,SHADY GLEN,,TRUE,
330,SHADY GLEN 1102,152431102,,Breaker,SHADY GLEN,,TRUE,
330,WEIMAR 1101,152491101,2058,DPD,WEIMAR,,TRUE,
330,WEIMAR 1102,152491102,,Breaker,WEIMAR,,TRUE,
335,APPLE HILL 1104,153661104,,Breaker,APPLE HILL,,TRUE,
335,APPLE HILL 2102,153662102,,Breaker,APPLE HILL,,TRUE,
335,EL DORADO PH 2101,152762101,,Breaker,EL DORADO PH,,TRUE,
335,EL DORADO PH 2101,152762101,13362,DPD,EL DORADO PH,,TRUE,
335,EL DORADO PH 2102,152762102,,Breaker,EL DORADO PH,,TRUE,
335,PLACERVILLE 2106,153082106,935216,DPD,PLACERVILLE,,TRUE,
335,PLACERVILLE 2106,153082106,9712,DPD,PLACERVILLE,,TRUE,
335,SALT SPRINGS 2101,163692101,10416,DPD,SALT SPRINGS,,TRUE,
335,TIGER CREEK 0201,161380201,,Breaker,TIGER CREEK,,TRUE,
335,TIGER CREEK 0201,161380201,1743,Fuse,TIGER CREEK,,TRUE,
335,WEST POINT 1101,163201101,4706,DPD,WEST POINT,,TRUE,
340,APPLE HILL 1103,153661103,,Breaker,APPLE HILL,,TRUE,
340,APPLE HILL 2102,153662102,1532,DPD,APPLE HILL,,TRUE,
340,APPLE HILL 2102,153662102,6552,DPD,APPLE HILL,,TRUE,
340,DIAMOND SPRINGS 1103,152261103,467046,DPD,DIAMOND SPRINGS,,TRUE,
340,DIAMOND SPRINGS 1103,152261103,394169,DPD,DIAMOND SPRINGS,,TRUE,
340,DIAMOND SPRINGS 1103,152261103,635040,DPD,DIAMOND SPRINGS,,TRUE,
340,DIAMOND SPRINGS 1104,152261104,533169,Switch,DIAMOND SPRINGS,,TRUE,
340,DIAMOND SPRINGS 1106,152261106,290705,DPD,DIAMOND SPRINGS,,TRUE,
340,DIAMOND SPRINGS 1106,152261106,762780,DPD,DIAMOND SPRINGS,,TRUE,
340,DIAMOND SPRINGS 1106,152261106,279670,DPD,DIAMOND SPRINGS,,TRUE,
340,DIAMOND SPRINGS 1106,152261106,910235,DPD,DIAMOND SPRINGS,,TRUE,
340,DIAMOND SPRINGS 1106,152261106,930190,DPD,DIAMOND SPRINGS,,TRUE,
340,DIAMOND SPRINGS 1106,152261106,926235,DPD,DIAMOND SPRINGS,,TRUE,
340,DIAMOND SPRINGS 1107,152261107,116815,DPD,DIAMOND SPRINGS,,TRUE,
340,DIAMOND SPRINGS 1107,152261107,217974,DPD,DIAMOND SPRINGS,,TRUE,
340,DIAMOND SPRINGS 1107,152261107,203504,DPD,DIAMOND SPRINGS,,TRUE,
340,DIAMOND SPRINGS 1107,152261107,77086,DPD,DIAMOND SPRINGS,,TRUE,
340,HALSEY 1101,152241101,,Breaker,HALSEY,,TRUE,
340,HALSEY 1102,152241102,,Breaker,HALSEY,,TRUE,
340,MOUNTAIN QUARRIES 2101,152282101,,Breaker,MOUNTAIN QUARRIES,,TRUE,
340,PLACERVILLE 1109,153081109,284071,Switch,PLACERVILLE,,TRUE,
340,PLACERVILLE 1110,153081110,953474,DPD,PLACERVILLE,,TRUE,
340,PLACERVILLE 1111,153081111,508410,DPD,PLACERVILLE,,TRUE,
340,PLACERVILLE 1111,153081111,38024,Switch,PLACERVILLE,,TRUE,
340,PLACERVILLE 1111,153081111,111345,Switch,PLACERVILLE,,TRUE,
340,PLACERVILLE 1111,153081111,11279,Switch,PLACERVILLE,,TRUE,
340,PLACERVILLE 1111,153081111,,Breaker,PLACERVILLE,,TRUE,
340,PLACERVILLE 1112,153081112,,Breaker,PLACERVILLE,,TRUE,
340,PLACERVILLE 2106,153082106,,Breaker,PLACERVILLE,,TRUE,
340,SHADY GLEN 1101,152431101,,Breaker,SHADY GLEN,,TRUE,
340,SHINGLE SPRINGS 2109,153652109,85766,DPD,SHINGLE SPRINGS,,TRUE,
340,SHINGLE SPRINGS 2109,153652109,81390,DPD,SHINGLE SPRINGS,,TRUE,
340,WEIMAR 1101,152491101,,Breaker,WEIMAR,,TRUE,
340,WEIMAR 1102,152491102,2038,DPD,WEIMAR,,TRUE,
340,ELECTRA 1101,162161101,,Breaker,ELECTRA,,TRUE,
340,ELECTRA 1102,162161102,4756,DPD,ELECTRA,,TRUE,
340,MARTELL 1101,163011101,,Breaker,MARTELL,,TRUE,
340,MARTELL 1102,163011102,,Breaker,MARTELL,,TRUE,
340,MARTELL 1103,163011103,,Breaker,MARTELL,,TRUE,
340,OLETA 1101,163541101,239062,DPD,OLETA,,TRUE,
340,OLETA 1101,163541101,296804,DPD,OLETA,,TRUE,
340,OLETA 1101,163541101,400470,DPD,OLETA,,TRUE,
340,OLETA 1101,163541101,754718,DPD,OLETA,,TRUE,
340,OLETA 1101,163541101,894006,DPD,OLETA,,TRUE,
340,OLETA 1102,163541102,186326,DPD,OLETA,,TRUE,
340,OLETA 1102,163541102,793776,DPD,OLETA,,TRUE,
340,OLETA 1102,163541102,799924,DPD,OLETA,,TRUE,
340,PINE GROVE 1101,163751101,,Breaker,PINE GROVE,,TRUE,
340,PINE GROVE 1102,163751102,,Breaker,PINE GROVE,,TRUE,
340,WEST POINT 1101,163201101,12256,DPD,WEST POINT,,TRUE,
345,CALAVERAS CEMENT 1101,162211101,11188,DPD,CALAVERAS CEMENT,,TRUE,
345,CALAVERAS CEMENT 1101,162211101,80930,DPD,CALAVERAS CEMENT,,TRUE,
345,ELECTRA 1102,162161102,,Breaker,ELECTRA,,TRUE,
345,FROGTOWN 1701,163451701,13412,DPD,FROGTOWN,,TRUE,
345,FROGTOWN 1702,163451702,835115,DPD,FROGTOWN,,TRUE,
345,North Branch 1101,163231101,11158,DPD,North Branch,,TRUE,
345,SALT SPRINGS 2102,163692102,37300,DPD,SALT SPRINGS,,TRUE,
345,SALT SPRINGS 2102,163692102,3142,DPD,SALT SPRINGS,,TRUE,
345,STANISLAUS 1701,162821701,,Breaker,STANISLAUS,,TRUE,
345,STANISLAUS 1702,162821702,,Breaker,STANISLAUS,,TRUE,
345,WEST POINT 1101,163201101,,Breaker,WEST POINT,,TRUE,
348,BEAR VALLEY 2105,252192105,9560,DPD,BEAR VALLEY,,TRUE,
348,CURTIS 1701,163351701,,Breaker,CURTIS,,TRUE,
348,CURTIS 1702,163351702,,Breaker,CURTIS,,TRUE,
348,CURTIS 1703,163351703,,Breaker,CURTIS,,TRUE,
348,CURTIS 1704,163351704,,Breaker,CURTIS,,TRUE,
348,CURTIS 1705,163351705,,Breaker,CURTIS,,TRUE,
348,MIWUK 1701,163661701,,Breaker,MIWUK,,TRUE,
348,MIWUK 1702,163661702,,Breaker,MIWUK,,TRUE,
348,PEORIA 1705,163781705,90374,DPD,PEORIA,,TRUE,
348,RACETRACK 1703,163761703,,Breaker,RACETRACK,,TRUE,
348,TAR FLAT 0401,163240401,,Breaker,TAR FLAT,,TRUE,
348,TAR FLAT 0402,163240402,,Breaker,TAR FLAT,,TRUE,
350,ALLEGHANY 1101,152101101,,Breaker,ALLEGHANY,,TRUE,
350,ALLEGHANY 1102,152101102,,Breaker,ALLEGHANY,,TRUE,
350,DRUM 1101,152321101,,Breaker,DRUM,,TRUE,
350,PIKE CITY 1101,152201101,,Breaker,PIKE CITY,,TRUE,
350,PIKE CITY 1102,152201102,,Breaker,PIKE CITY,,TRUE,
350,SPAULDING 1101,152251101,578852,DPD,SPAULDING,,TRUE,
354,SUMMIT 1101,152591101,,Breaker,SUMMIT,,TRUE,
354,SUMMIT 1102,152591102,,Breaker,SUMMIT,,TRUE,
354,TAMARACK 1101,152291101,,Breaker,TAMARACK,,TRUE,
360,SALT SPRINGS 2101,163692101,3116,DPD,SALT SPRINGS,,TRUE,
360,SALT SPRINGS 2102,163692102,3118,DPD,SALT SPRINGS,,TRUE,
370,CURTIS 1703,163351703,9210,DPD,CURTIS,,TRUE,
370,MIWUK 1701,163661701,953336,DPD,MIWUK,,TRUE,
370,PINE CREST 401,163160401,1818,DPD,PINE CREST,,TRUE,
370,SPRING GAP 1702,162831702,,Breaker,SPRING GAP,,TRUE,
385,ECHO SUMMIT 1101,158031101,55262,DPD,ECHO SUMMIT,,TRUE,
400,WOODWARD 2108,255292108,78448,DPD,WOODWARD,,TRUE,
400,BEAR VALLEY 2105,252192105,11210,DPD,BEAR VALLEY,,TRUE,
400,COARSEGOLD 2104,254432104,10030,DPD,COARSEGOLD,,TRUE,
400,Merced Falls 1102,252811102,482838,DPD,Merced Falls,,TRUE,
420,BEAR VALLEY 2101,252192101,,Breaker,BEAR VALLEY,,TRUE,
420,BEAR VALLEY 2105,252192105,,Breaker,BEAR VALLEY,,TRUE,
420,INDIAN FLAT 1104,252691104,,Breaker,INDIAN FLAT,,TRUE,
420,MARIPOSA 2101,254452101,,Breaker,MARIPOSA,,TRUE,
420,MARIPOSA 2102,254452102,,Breaker,MARIPOSA,,TRUE,
424,AUBERRY 1101,254151101,,Breaker,AUBERRY,,TRUE,
424,AUBERRY 1102,254151102,,Breaker,AUBERRY,,TRUE,
424,COPPERMINE 1104,252411104,613086,DPD,COPPERMINE,,TRUE,
424,COPPERMINE 1104,252411104,556430,DPD,COPPERMINE,,TRUE,
424,KERCKHOFF 1101,252561101,R353,DPD,KERCKHOFF,,TRUE,
424,KERCKHOFF 1101,252561101,R308,DPD,KERCKHOFF,,TRUE,
424,SHEPHERD 2111,252062111,707358,DPD,SHEPHERD,,TRUE,
424,TIVY VALLEY 1107,252941107,R1817,DPD,TIVY VALLEY,,TRUE,
424,WOODWARD 2108,255292108,R2860,DPD,WOODWARD,,TRUE,
424,COARSEGOLD 2102,254432102,,Breaker,COARSEGOLD,,TRUE,
424,COARSEGOLD 2103,254432103,,Breaker,COARSEGOLD,,TRUE,
424,COARSEGOLD 2104,254432104,,Breaker,COARSEGOLD,,TRUE,
424,OAKHURST 1101,254421101,,Breaker,OAKHURST,,TRUE,
424,OAKHURST 1102,254421102,,Breaker,OAKHURST,,TRUE,
424,OAKHURST 1103,254421103,,Breaker,OAKHURST,,TRUE,
424,SAN JOAQUIN #2 1103,252521103,,Breaker,SAN JOAQUIN #,,TRUE,
424,SAN JOAQUIN #3 1101,252531101,,Breaker,SAN JOAQUIN #,,TRUE,
424,SAN JOAQUIN #3 1102,252531102,,Breaker,SAN JOAQUIN #,,TRUE,
424,SAN JOAQUIN #3 1103,252531103,,Breaker,SAN JOAQUIN #,,TRUE,
424,WISHON 1101,251511101,,Breaker,WISHON,,TRUE,
427,Auberry 1101,254151101,49122,DPD,Auberry,,TRUE,
427,Auberry 1101,254151101,R2845,DPD,Auberry,,TRUE,
427,Kerchoff 1101,252561101,,Breaker,Kerchoff,,TRUE,
427,SAN JOAQUIN #3 1101,252531101,,Breaker,SAN JOAQUIN #,,TRUE,
427,SAN JOAQUIN #3 1103,252531103,5100,DPD,SAN JOAQUIN #,,TRUE,
427,SO CAL Edison #3 1101,258861101,,Breaker,SO CAL Edison #,,TRUE,
428,Auberry 1101,254151101,37536,DPD,Auberry,,TRUE,
428,BALCH NO 1 1101,252501101,,Breaker,BALCH NO,,TRUE,
430,Dunlap 1102,254061102,7060,DPD,Dunlap,,TRUE,
430,Dunlap 1103,254061103,7220,DPD,Dunlap,,TRUE,
430,Orosi 1102,252841102,319741,Switch,Orosi,,TRUE,
430,Orosi 1102,252841102,7531F,Fuse,Orosi,,TRUE,
430,Reedley 1104,252341104,887932,DPD,Reedley,,TRUE,
430,Reedley 1112,252341112,477952,DPD,Reedley,,TRUE,
430,Reedley 1112,252341112,800911,Switch,Reedley,,TRUE,
430,Sand Creek 1103,254601103,,Breaker,Sand Creek,,TRUE,
430,Stone Corral 1108,252921108,7247,Switch,Stone Corral,,TRUE,
430,Stone Corral 1110,252921110,975698,DPD,Stone Corral,,TRUE,
430,Stone Corral 1110,252921110,189488,DPD,Stone Corral,,TRUE,
430,Stone Corral 1110,252921110,894956,DPD,Stone Corral,,TRUE,
430,Tivy Valley 1107,252941107,7380,DPD,Tivy Valley,,TRUE,
430,Tivy Valley 1107,252941107,599142,DPD,Tivy Valley,,TRUE,
430,Tivy Valley 1107,252941107,822606,DPD,Tivy Valley,,TRUE,
438,Kern Oil 1106,252721106,397902,DPD,Kern Oil,,TRUE,
438,Kern Oil 1106,252721106,46960,DPD,Kern Oil,,TRUE,
438,Poso Mountain 2101,253642101,,Breaker,Poso Mountain,,TRUE,
438,Poso Mountain 2103,253642103,,Breaker,Poso Mountain,,TRUE,
438,Poso Mountain 2104,253642104,,Breaker,Poso Mountain,,TRUE,
438,Tule Power House 1101,258591101,,Breaker,Tule Power House,,TRUE,
448,SAN BERNARD 1101,253191101,641042,DPD,SAN BERNARD,,TRUE,
448,SAN BERNARD 1101,253191101,438074,DPD,SAN BERNARD,,TRUE,
450,INDIAN FLAT 1104,252691104,10270,DPD,INDIAN FLAT,,TRUE,
450,OAKHURST 1103,254421103,10190,DPD,OAKHURST,,TRUE,
450,SAN JOAQUIN #3 1101,252531101,673480,DPD,SAN JOAQUIN #,,TRUE,
490,Hollister 2102,182492102,855412,DPD,Hollister,,TRUE,
490,Hollister 2102,182492102,113634,DPD,Hollister,,TRUE,
490,Hollister 2104,182492104,91424,DPD,Hollister,,TRUE,
490,Hollister 2104,182492104,117328,DPD,Hollister,,TRUE,
495,Panoche 1103,253671103,4036,DPD,Panoche,,TRUE,
495,Panoche 1103,253671103,4016,DPD,Panoche,,TRUE,
495,Antelope 1101,252021101,318686,DPD,Antelope,,TRUE,
497,Cholame 2102,182562102,X16,DPD,Cholame,,TRUE,
495,COALINGA NO 1 1108,252161108,9080,DPD,COALINGA NO,,TRUE,
495,COALINGA NO 2 1105,252381105,9000,DPD,COALINGA NO,,TRUE,
500,CAMP EVERS 2103,83622103,396855,Switch,CAMP EVERS,,TRUE,
500,CAMP EVERS 2103,83622103,12990,DPD,CAMP EVERS,,TRUE,
500,CAMP EVERS 2104,83622104,10442,DPD,CAMP EVERS,,TRUE,
500,CAMP EVERS 2106,83622106,4149,Fuse,CAMP EVERS,,TRUE,
500,PAUL SWEET 2102,83252102,478657,Switch,PAUL SWEET,,TRUE,
500,PAUL SWEET 2102,83252102,337544,DPD,PAUL SWEET,,TRUE,
500,PAUL SWEET 2107,83252107,774760,DPD,PAUL SWEET,,TRUE,
500,PAUL SWEET 2102,83252102,168368,DPD,PAUL SWEET,,TRUE,
500,PAUL SWEET 2104,83252104,11074,DPD,PAUL SWEET,,TRUE,
500,PAUL SWEET 2104,83252104,5394,DPD,PAUL SWEET,,TRUE,
500,PAUL SWEET 2102,83252102,959032,DPD,PAUL SWEET,,TRUE,
500,PAUL SWEET 2105,83252105,,Breaker,PAUL SWEET,,TRUE,
500,PAUL SWEET 2106,83252106,,Breaker,PAUL SWEET,,TRUE,
500,PAUL SWEET 2107,83252107,10986,DPD,PAUL SWEET,,TRUE,
500,PAUL SWEET 2109,83252109,634576,DPD,PAUL SWEET,,TRUE,
500,PAUL SWEET 2109,83252109,680537,DPD,PAUL SWEET,,TRUE,
500,PAUL SWEET 2109,83252109,687295,DPD,PAUL SWEET,,TRUE,
500,Point Moretti 1101,82931101,415734,DPD,Point Moretti,,TRUE,
500,Point Moretti 1101,82931101,5104,DPD,Point Moretti,,TRUE,
500,RIO DEL MAR 0401,83260401,931192,DPD,RIO DEL MAR,,TRUE,
500,ROB ROY 2104,83692104,,Breaker,ROB ROY,,TRUE,
500,ROB ROY 2105,83692105,,Breaker,ROB ROY,,TRUE,
500,Seacliff 0401,83500401,,Breaker,Seacliff,,TRUE,
500,Seacliff 0402,83500402,558727,DPD,Seacliff,,TRUE,
500,Half Moon Bay 1103,24101103,H82,DPD,Half Moon Bay,,TRUE,
500,Menlo 1103,24131103,517,Switch,Menlo,,TRUE,
505,DEL MONTE 1101,182221101,982295,Switch,DEL MONTE,,TRUE,
505,DEL MONTE 2102,182222102,541617,Switch,DEL MONTE,,TRUE,
505,DEL MONTE 2103,182222103,617344,DPD,DEL MONTE,,TRUE,
505,DEL MONTE 2103,182222103,632145,Switch,DEL MONTE,,TRUE,
505,DEL MONTE 2103,182222103,468158,DPD,DEL MONTE,,TRUE,
505,DEL MONTE 2104,182222104,215473,Switch,DEL MONTE,,TRUE,
505,Dolan Road 1101,182381101,590402,DPD,Dolan Road,,TRUE,
505,Dolan Road 1101,182381101,283371,Fuse,Dolan Road,,TRUE,
505,Dolan Road 1101,182381101,857972,DPD,Dolan Road,,TRUE,
505,Dolan Road 1101,182381101,156268,DPD,Dolan Road,,TRUE,
505,Dolan Road 1101,182381101,882610,DPD,Dolan Road,,TRUE,
505,Dolan Road 1101,182381101,173702,DPD,Dolan Road,,TRUE,
505,FORT ORD 2106,182402106,37286,DPD,FORT ORD,,TRUE,
505,FORT ORD 2107,182402107,36596,DPD,FORT ORD,,TRUE,
505,HATTON 1101,182291101,,Breaker,HATTON,,TRUE,
505,HATTON 1102,182291102,,Breaker,HATTON,,TRUE,
505,LAURELES 1111,182371111,,Breaker,LAURELES,,TRUE,
505,LAURELES 1112,182371112,562376,DPD,LAURELES,,TRUE,
505,LAURELES 1112,182371112,68454,DPD,LAURELES,,TRUE,
505,MONTEREY 0402,182090402,2644,DPD,MONTEREY,,TRUE,
505,Pacific Grove 0422,182440422,2614,DPD,Pacific Grove,,TRUE,
505,Prunedale 1110,182961110,899037,Switch,Prunedale,,TRUE,
505,RESERVATION ROAD 1102,182731102,259620,Switch,RESERVATION ROAD,,TRUE,
505,RESERVATION ROAD 1102,182731102,303870,DPD,RESERVATION ROAD,,TRUE,
505,RESERVATION ROAD 1102,182731102,21030,Switch,RESERVATION ROAD,,TRUE,
505,RESERVATION ROAD 1102,182731102,127518,Switch,RESERVATION ROAD,,TRUE,
505,RESERVATION ROAD 1102,182731102,3032,DPD,RESERVATION ROAD,,TRUE,
505,VIEJO 2201,182852201,,Breaker,VIEJO,,TRUE,
505,VIEJO 2202,182852202,,Breaker,VIEJO,,TRUE,
505,VIEJO 2203,182852203,,Breaker,VIEJO,,TRUE,
505,VIEJO 2204,182852204,,Breaker,VIEJO,,TRUE,
507,OTTER 1101,182941101,,Breaker,OTTER,,TRUE,
507,OTTER 1102,182941102,,Breaker,OTTER,,TRUE,
508,Baywood 1101,182801101,,Breaker,Baywood,,TRUE,
508,Cambria 1101,182771101,858200,DPD,Cambria,,TRUE,
508,Cambria 1102,182771102,,Breaker,Cambria,,TRUE,
508,Cayucos 1102,182551102,317156,DPD,Cayucos,,TRUE,
508,Foothill 1101,182951101,645910,DPD,Foothill,,TRUE,
508,Foothill 1101,182951101,722270,DPD,Foothill,,TRUE,
508,Foothill 1101,182951101,251688,DPD,Foothill,,TRUE,
508,Foothill 1101,182951101,231533,Switch,Foothill,,TRUE,
508,Foothill 1101,182951101,386844,DPD,Foothill,,TRUE,
508,Foothill 1101,182951101,798137,DPD,Foothill,,TRUE,
508,Mesa 1101,182821101,,Breaker,Mesa,,TRUE,
508,Mesa 1103,182821103,126697,DPD,Mesa,,TRUE,
508,Mesa 1103,182821103,286031,Switch,Mesa,,TRUE,
508,Mesa 1103,182821103,854149,DPD,Mesa,,TRUE,
508,Mesa 1103,182821103,737698,DPD,Mesa,,TRUE,
508,Morro Bay 1101,183011101,V66,DPD,Morro Bay,,TRUE,
508,Morro Bay 1101,183011101,W20,DPD,Morro Bay,,TRUE,
508,Morro Bay 1102,183011102,,Breaker,Morro Bay,,TRUE,
508,Oceano 1102,182601102,,Breaker,Oceano,,TRUE,
508,Oceano 1103,182601103,839302,DPD,Oceano,,TRUE,
508,Oceano 1104,182601104,455939,Switch,Oceano,,TRUE,
508,Oceano 1104,182601104,337754,DPD,Oceano,,TRUE,
508,Oceano 1104,182601104,793774,DPD,Oceano,,TRUE,
508,Oceano 1104,182601104,104102,DPD,Oceano,,TRUE,
508,Oceano 1105,182601105,V44,DPD,Oceano,,TRUE,
508,Oceano 1106,182601106,,Breaker,Oceano,,TRUE,
508,Perry 1101,183071101,,Breaker,Perry,,TRUE,
508,San Luis Obispo 1104,182631104,V14,DPD,San Luis Obispo,,TRUE,
508,San Luis Obispo 1104,182631104,350030,DPD,San Luis Obispo,,TRUE,
508,San Luis Obispo 1107,182631107,V02,DPD,San Luis Obispo,,TRUE,
510,CMC 1101,183111101,,Breaker,CMC,,TRUE,
510,CMC 1102,183111102,,Breaker,CMC,,TRUE,
510,Foothill 1101,182951101,,Breaker,Foothill,,TRUE,
510,Foothill 1102,182951102,,Breaker,Foothill,,TRUE,
510,Goldtree 1105,182581105,,Breaker,Goldtree,,TRUE,
510,Goldtree 1107,182581107,,Breaker,Goldtree,,TRUE,
510,Goldtree 1108,182581108,,Breaker,Goldtree,,TRUE,
510,Oceano 1104,182601104,Q10,DPD,Oceano,,TRUE,
510,Oceano 1104,182601104,V36,DPD,Oceano,,TRUE,
510,Oceano 1104,182601104,Q12,DPD,Oceano,,TRUE,
510,San Luis Obispo 1101,182631101,,Breaker,San Luis Obispo,,TRUE,
510,San Luis Obispo 1102,182631102,348318,DPD,San Luis Obispo,,TRUE,
510,San Luis Obispo 1102,182631102,357407,DPD,San Luis Obispo,,TRUE,
510,San Luis Obispo 1103,182631103,V82,DPD,San Luis Obispo,,TRUE,
510,San Luis Obispo 1103,182631103,365572,DPD,San Luis Obispo,,TRUE,
510,San Luis Obispo 1103,182631103,153199,DPD,San Luis Obispo,,TRUE,
510,San Luis Obispo 1103,182631103,191498,DPD,San Luis Obispo,,TRUE,
510,San Luis Obispo 1103,182631103,934355,DPD,San Luis Obispo,,TRUE,
510,San Luis Obispo 1104,182631104,V40,DPD,San Luis Obispo,,TRUE,
510,San Luis Obispo 1104,182631104,350030,DPD,San Luis Obispo,,TRUE,
510,San Luis Obispo 1104,182631104,10995,Switch,San Luis Obispo,,TRUE,
510,San Luis Obispo 1104,182631104,4283,Switch,San Luis Obispo,,TRUE,
510,San Luis Obispo 1104,182631104,777686,DPD,San Luis Obispo,,TRUE,
510,San Luis Obispo 1104,182631104,753254,DPD,San Luis Obispo,,TRUE,
510,San Luis Obispo 1105,182631105,512313,DPD,San Luis Obispo,,TRUE,
510,San Luis Obispo 1105,182631105,96874,DPD,San Luis Obispo,,TRUE,
510,San Luis Obispo 1107,182631107,,Breaker,San Luis Obispo,,TRUE,
510,San Luis Obispo 1108,182631108,809986,DPD,San Luis Obispo,,TRUE,
510,San Luis Obispo 1108,182631108,144690,DPD,San Luis Obispo,,TRUE,
510,San Luis Obispo 1108,182631108,903036,DPD,San Luis Obispo,,TRUE,
510,Santa Maria 1108,182671108,M18,DPD,Santa Maria,,TRUE,
510,Sisquoc 1102,182811102,M52,DPD,Sisquoc,,TRUE,
510,Sisquoc 1103,182811103,M98,DPD,Sisquoc,,TRUE,
512,Buellton 1101,183041101,Y26,DPD,Buellton,,TRUE,
512,Buellton 1101,183041101,Y06,DPD,Buellton,,TRUE,
512,Buellton 1101,183041101,Y36,DPD,Buellton,,TRUE,
512,Buelton 1102,183041102,,Breaker,Buelton,,TRUE,
512,Cabrillo 1103,183101103,,Breaker,Cabrillo,,TRUE,
512,Cabrillo 1104,183101104,,Breaker,Cabrillo,,TRUE,
512,Divide 1103,182571103,567884,DPD,Divide,,TRUE,
512,Palmer 1101,183031101,M84,DPD,Palmer,,TRUE,
512,Palmer 1101,183031101,M88,DPD,Palmer,,TRUE,
512,Purisima 1101,182971101,,Breaker,Purisima,,TRUE,
512,Santa Ynez 1101,182721101,277014,DPD,Santa Ynez,,TRUE,
512,Santa Ynez 1101,182721101,673618,DPD,Santa Ynez,,TRUE,
512,Santa Ynez 1102,182721102,,Breaker,Santa Ynez,,TRUE,
512,Santa Ynez 1104,182721104,77098,DPD,Santa Ynez,,TRUE,
512,Santa Ynez 1104,182721104,117616,DPD,Santa Ynez,,TRUE,
512,Santa Ynez 1104,182721104,512912,DPD,Santa Ynez,,TRUE,
512,Santa Ynez 1104,182721104,685160,DPD,Santa Ynez,,TRUE,
512,Santa Ynez 1104,182721104,564710,DPD,Santa Ynez,,TRUE,
512,Santa Ynez 1104,182721104,228367,Switch,Santa Ynez,,TRUE,
512,Santa Ynez 1104,182721104,Y04,DPD,Santa Ynez,,TRUE,
512,SCE Vegas 1701,188881701,20245,Fuse,SCE Vegas,,TRUE,
512,Sisquoc 1102,182811102,M54,DPD,Sisquoc,,TRUE,
512,Zaca 1101,182681101,,Breaker,Zaca,,TRUE,
512,Zaca 1102,182681102,,Breaker,Zaca,,TRUE,
518,Big Basin 1102,82841102,S03,Switch,Big Basin,,TRUE,
518,Hicks 1116,83431116,452683,Switch,Hicks,,TRUE,
518,Hicks 1116,83431116,583284,DPD,Hicks,,TRUE,
518,Hicks 1116,83431116,30829,Fuse,Hicks,,TRUE,
518,Hicks 1116,83431116,983580,DPD,Hicks,,TRUE,
518,Hicks 1116,83431116,612803,Switch,Hicks,,TRUE,
518,Hicks 1116,83431116,733078,DPD,Hicks,,TRUE,
518,Hicks 1116,83431116,203897,DPD,Hicks,,TRUE,
518,Hicks 2103,83432103,LB50,DPD,Hicks,,TRUE,
518,Los Gatos 1101,82021101,LB40,DPD,Los Gatos,,TRUE,
518,Los Gatos 1101,82021101,502026,DPD,Los Gatos,,TRUE,
518,Los Gatos 1101,82021101,206248,DPD,Los Gatos,,TRUE,
518,Los Gatos 1101,82021101,184035,DPD,Los Gatos,,TRUE,
518,Los Gatos 1101,82021101,950286,DPD,Los Gatos,,TRUE,
518,Los Gatos 1102,82021102,526868,DPD,Los Gatos,,TRUE,
518,Los Gatos 1106,82021106,697500,DPD,Los Gatos,,TRUE,
518,Los Gatos 1107,82021107,107727,Switch,Los Gatos,,TRUE,
518,Los Gatos 1108,82021108,293213,Switch,Los Gatos,,TRUE,
518,Loyola 1102,82161102,LL12,DPD,Loyola,,TRUE,
518,Saratoga 1103,83371103,595689,DPD,Saratoga,,TRUE,
518,Saratoga 1103,83371103,LC16,DPD,Saratoga,,TRUE,
518,Saratoga 1103,83371103,709451,DPD,Saratoga,,TRUE,
518,Saratoga 1104,83371104,209146,DPD,Saratoga,,TRUE,
518,Saratoga 1105,83371105,431214,DPD,Saratoga,,TRUE,
518,Saratoga 1105,83371105,LC14,DPD,Saratoga,,TRUE,
518,Saratoga 1106,83371106,85159,Switch,Saratoga,,TRUE,
518,Saratoga 1107,83371107,681909,Switch,Saratoga,,TRUE,
518,Saratoga 1107,83371107,5696,DPD,Saratoga,,TRUE,
518,Saratoga 1115,83371115,463510,DPD,Saratoga,,TRUE,
518,Stelling 1109,83481109,787007,DPD,Stelling,,TRUE,
518,Stelling 1109,83481109,478699,DPD,Stelling,,TRUE,
518,Stelling 1110,83481110,60080,DPD,Stelling,,TRUE,
518,Stelling 1110,83481110,4109,Fuse,Stelling,,TRUE,
518,Stelling 1111,83481111,737328,DPD,Stelling,,TRUE,
518,VASONA 1102,83771102,944560,DPD,VASONA,,TRUE,
518,Bay Meadows 2102,24012102,57886,DPD,Bay Meadows,,TRUE,
518,Belmont 1103,24031103,8958,DPD,Belmont,,TRUE,
518,Belmont 1103,24031103,8956,DPD,Belmont,,TRUE,
518,Belmont 1110,24031110,330790,DPD,Belmont,,TRUE,
518,Belmont 1110,24031110,3975,DPD,Belmont,,TRUE,
518,Beresford 0403,24040403,2481,Switch,Beresford,,TRUE,
518,Beresford 0403,24040403,435168,DPD,Beresford,,TRUE,
518,Carolands 0404,24060404,9026,DPD,Carolands,,TRUE,
518,Carolands 0404,24060404,9024,DPD,Carolands,,TRUE,
518,Emerald Lake 0401,24080401,,Breaker,Emerald Lake,,TRUE,
518,Emerald Lake 0402,24080402,,Breaker,Emerald Lake,,TRUE,
518,Half Moon Bay 1101,24101101,818874,DPD,Half Moon Bay,,TRUE,
518,Half Moon Bay 1101,24101101,8902,DPD,Half Moon Bay,,TRUE,
518,Half Moon Bay 1101,24101101,821698,DPD,Half Moon Bay,,TRUE,
518,Half Moon Bay 1101,24101101,903182,DPD,Half Moon Bay,,TRUE,
518,Half Moon Bay 1101,24101101,771258,DPD,Half Moon Bay,,TRUE,
518,Half Moon Bay 1102,24101102,832991,Switch,Half Moon Bay,,TRUE,
518,Half Moon Bay 1102,24101102,863822,DPD,Half Moon Bay,,TRUE,
518,Half Moon Bay 1102,24101102,8848,DPD,Half Moon Bay,,TRUE,
518,Half Moon Bay 1102,24101102,650808,DPD,Half Moon Bay,,TRUE,
518,Half Moon Bay 1102,24101102,350336,DPD,Half Moon Bay,,TRUE,
518,Half Moon Bay 1102,24101102,109014,DPD,Half Moon Bay,,TRUE,
518,Half Moon Bay 1103,24101103,540991,DPD,Half Moon Bay,,TRUE,
518,Half Moon Bay 1103,24101103,341542,DPD,Half Moon Bay,,TRUE,
518,Half Moon Bay 1103,24101103,531594,DPD,Half Moon Bay,,TRUE,
518,Half Moon Bay 1103,24101103,H82,DPD,Half Moon Bay,,TRUE,
518,Las Pulgas 0401,24120401,104588,DPD,Las Pulgas,,TRUE,
518,Menlo 1102,24131102,514933,Switch,Menlo,,TRUE,
518,Menlo 1102,24131102,W80,DPD,Menlo,,TRUE,
518,Menlo 1102,24131102,8896,DPD,Menlo,,TRUE,
518,Pacifica 1101,22811101,777484,DPD,Pacifica,,TRUE,
518,Pacifica 1102,22811102,968736,DPD,Pacifica,,TRUE,
518,Pacifica 1102,22811102,934870,DPD,Pacifica,,TRUE,
518,Pacifica 1102,22811102,267868,DPD,Pacifica,,TRUE,
518,Pacifica 1102,22811102,894156,DPD,Pacifica,,TRUE,
518,Pacifica 1102,22811102,660408,DPD,Pacifica,,TRUE,
518,Pacifica 1102,22811102,320094,DPD,Pacifica,,TRUE,
518,Pacifica 1102,22811102,512070,DPD,Pacifica,,TRUE,
518,Pacifica 1103,22811103,119798,DPD,Pacifica,,TRUE,
518,Pacifica 1103,22811103,885952,DPD,Pacifica,,TRUE,
518,Pacifica 1103,22811103,398620,DPD,Pacifica,,TRUE,
518,Pacifica 1103,22811103,218962,DPD,Pacifica,,TRUE,
518,Pacifica 1104,22811104,230272,DPD,Pacifica,,TRUE,
518,Ralston 1101,24141101,420730,DPD,Ralston,,TRUE,
518,Ralston 1101,24141101,100040,DPD,Ralston,,TRUE,
518,Ralston 1101,24141101,836528,DPD,Ralston,,TRUE,
518,Ralston 1102,24141102,9126,DPD,Ralston,,TRUE,
518,San Carlos 1103,24181103,586832,DPD,San Carlos,,TRUE,
518,San Carlos 1103,24181103,785521,DPD,San Carlos,,TRUE,
518,San Carlos 1103,24181103,313472,DPD,San Carlos,,TRUE,
518,San Carlos 1104,24181104,8846,DPD,San Carlos,,TRUE,
518,San Carlos 1104,24181104,8942,DPD,San Carlos,,TRUE,
518,San Carlos 1104,24181104,79774,DPD,San Carlos,,TRUE,
518,Sneath Lane 1101,22721101,,Breaker,Sneath Lane,,TRUE,
518,Sneath Lane 1102,22721102,,Breaker,Sneath Lane,,TRUE,
518,Sneath Lane 1106,22721106,,Breaker,Sneath Lane,,TRUE,
518,Sneath Lane 1107,22721107,,Breaker,Sneath Lane,,TRUE,
518,Watershed 0402,24240402,,Breaker,Watershed,,TRUE,
518,Woodside 1101,24251101,1922,DPD,Woodside,,TRUE,
518,Woodside 1101,24251101,8522,DPD,Woodside,,TRUE,
518,Woodside 1102,24251102,472928,DPD,Woodside,,TRUE,
518,Woodside 1104,24251104,190103,Switch,Woodside,,TRUE,
518,Woodside 1104,24251104,420146,DPD,Woodside,,TRUE,
518,Woodside 1104,24251104,456052,DPD,Woodside,,TRUE,
518,WOODSIDE 1104,24251104,535515,Switch,WOODSIDE,,TRUE,
518,Hicks 2101,83432101,574315,DPD,Hicks,,TRUE,
520,BEN LOMOND 0401,83040401,,Breaker,BEN LOMOND,,TRUE,
520,BEN LOMOND 1101,83041101,,Breaker,BEN LOMOND,,TRUE,
520,Big Basin 1101,82841101,,Breaker,Big Basin,,TRUE,
520,Big Basin 1102,82841102,,Breaker,Big Basin,,TRUE,
520,Burns 2101,183582101,,Breaker,Burns,,TRUE,
520,CAMP EVERS 2104,83622104,189010,DPD,CAMP EVERS,,TRUE,
520,CAMP EVERS 2104,83622104,11048,DPD,CAMP EVERS,,TRUE,
520,CAMP EVERS 2104,83622104,496570,DPD,CAMP EVERS,,TRUE,
520,CAMP EVERS 2104,83622104,600529,DPD,CAMP EVERS,,TRUE,
520,CAMP EVERS 2104,83622104,710556,DPD,CAMP EVERS,,TRUE,
520,CAMP EVERS 2105,83622105,84166,DPD,CAMP EVERS,,TRUE,
520,CAMP EVERS 2106,83622106,698043,Switch,CAMP EVERS,,TRUE,
520,CAMP EVERS 2106,83622106,11044,DPD,CAMP EVERS,,TRUE,
520,CAMP EVERS 2106,83622106,656370,Switch,CAMP EVERS,,TRUE,
520,FELTON 0401,83140401,,Breaker,FELTON,,TRUE,
520,Green Valley 2101,83192101,509068,DPD,Green Valley,,TRUE,
520,Green Valley 2101,83192101,444753,Switch,Green Valley,,TRUE,
520,Green Valley 2101,83192101,535998,DPD,Green Valley,,TRUE,
520,Green Valley 2101,83192101,97574,DPD,Green Valley,,TRUE,
520,Green Valley 2101,83192101,11054,DPD,Green Valley,,TRUE,
520,PAUL SWEET 2106,83252106,5178,DPD,PAUL SWEET,,TRUE,
520,Point Moretti 1101,82931101,35874,DPD,Point Moretti,,TRUE,
520,Rob Roy 2104,83692104,5082,DPD,Rob Roy,,TRUE,
520,Rob Roy 2104,83692104,10298,DPD,Rob Roy,,TRUE,
520,Rob Roy 2105,83692105,5090,DPD,Rob Roy,,TRUE,
520,Los Gatos 1106,82021106,60116,DPD,Los Gatos,,TRUE,
520,Los Gatos 1107,82021107,60092,DPD,Los Gatos,,TRUE,
520,Los Gatos 1107,82021107,60024,DPD,Los Gatos,,TRUE,
520,Half Moon Bay 1103,24101103,H80,DPD,Half Moon Bay,,TRUE,
520,Menlo 1103,24131103,8512,DPD,Menlo,,TRUE,
520,Menlo 1103,24131103,8982,DPD,Menlo,,TRUE,
520,Morgan Hill 2111,83242111,419718,DPD,Morgan Hill,,TRUE,
525,Gabilan 1101,182331101,989608,DPD,Gabilan,,TRUE,
525,Gabilan 1101,182331101,566352,DPD,Gabilan,,TRUE,
525,Gonzalez 1101,182131101,573691,Switch,Gonzalez,,TRUE,
525,Gonzalez 1104,182131104,415382,DPD,Gonzalez,,TRUE,
525,Gonzalez 1104,182131104,807000,DPD,Gonzalez,,TRUE,
525,Hollister 2105,182492105,4048,DPD,Hollister,,TRUE,
525,Soledad 1114,182051114,413916,DPD,Soledad,,TRUE,
525,Soledad 2101,182052101,125484,DPD,Soledad,,TRUE,
525,Soledad 2101,182052101,526864,DPD,Soledad,,TRUE,
525,Soledad 2101,182052101,404754,DPD,Soledad,,TRUE,
525,Soledad 2101,182052101,315500,DPD,Soledad,,TRUE,
525,Spence 1102,182201102,990464,DPD,Spence,,TRUE,
525,Spence 1102,182201102,321000,DPD,Spence,,TRUE,
525,Spence 1104,182201104,965598,DPD,Spence,,TRUE,
530,ALHAMBRA 1105,14101105,253151,Switch,ALHAMBRA,,TRUE,
530,ALHAMBRA 1105,14101105,8302,DPD,ALHAMBRA,,TRUE,
530,ALHAMBRA 1105,14101105,334067,Switch,ALHAMBRA,,TRUE,
530,BRENTWOOD 2105,14592105,257401,Switch,BRENTWOOD,,TRUE,
530,BRENTWOOD 2105,14592105,B504R,DPD,BRENTWOOD,,TRUE,
530,BRYANT 0401,13090401,,Breaker,BRYANT,,TRUE,
530,BRYANT 0402,13090402,,Breaker,BRYANT,,TRUE,
530,CLAYTON 2212,12022212,523764,DPD,CLAYTON,,TRUE,
530,CLAYTON 2212,12022212,334476,DPD,CLAYTON,,TRUE,
530,CLAYTON 2212,12022212,859443,DPD,CLAYTON,,TRUE,
530,CLAYTON 2212,12022212,Y504R,DPD,CLAYTON,,TRUE,
530,CLAYTON 2212,12022212,158138,DPD,CLAYTON,,TRUE,
530,CLAYTON 2212,12022212,723013,Switch,CLAYTON,,TRUE,
530,CLAYTON 2213,12022213,375519,Switch,CLAYTON,,TRUE,
530,CLAYTON 2215,12022215,184604,DPD,CLAYTON,,TRUE,
530,FAIRVIEW 2207,13432207,215922,DPD,FAIRVIEW,,TRUE,
530,FAIRVIEW 2207,13432207,239107,Switch,FAIRVIEW,,TRUE,
530,FAIRVIEW 2207,13432207,M501R,DPD,FAIRVIEW,,TRUE,
530,KIRKER 2104,14452104,442850,DPD,KIRKER,,TRUE,
530,LAKEWOOD 1102,13531102,964292,DPD,LAKEWOOD,,TRUE,
530,LAKEWOOD 2107,13532107,396264,DPD,LAKEWOOD,,TRUE,
530,LAKEWOOD 2107,13532107,218699,Switch,LAKEWOOD,,TRUE,
530,LAKEWOOD 2107,13532107,52611,Switch,LAKEWOOD,,TRUE,
530,LAKEWOOD 2107,13532107,295695,DPD,LAKEWOOD,,TRUE,
530,LAKEWOOD 2224,13532224,798018,DPD,LAKEWOOD,,TRUE,
530,LAS AROMAS 0401,13600401,LA401R,DPD,LAS AROMAS,,TRUE,
530,LONETREE 2105,13232105,21210,DPD,LONETREE,,TRUE,
530,MEADOW LANE 2106,14302106,262945,Switch,MEADOW LANE,,TRUE,
530,MORAGA 1101,13801101,,Breaker,MORAGA,,TRUE,
530,MORAGA 1102,13801102,,Breaker,MORAGA,,TRUE,
530,MORAGA 1103,13801103,,Breaker,MORAGA,,TRUE,
530,MORAGA 1104,13801104,,Breaker,MORAGA,,TRUE,
530,MORAGA 1105,13801105,116034,DPD,MORAGA,,TRUE,
530,MORAGA 1105,13801105,519315,Switch,MORAGA,,TRUE,
530,MORAGA 1105,13801105,829530,DPD,MORAGA,,TRUE,
530,ORINDA 0401,12350401,,Breaker,ORINDA,,TRUE,
530,RESEARCH 2102,14692102,183888,DPD,RESEARCH,,TRUE,
530,RESEARCH 2102,14692102,446423,DPD,RESEARCH,,TRUE,
530,RESEARCH 2102,14692102,644462,DPD,RESEARCH,,TRUE,
530,ROSSMOOR 1101,14161101,68920,DPD,ROSSMOOR,,TRUE,
530,ROSSMOOR 1104,14161104,892332,DPD,ROSSMOOR,,TRUE,
530,ROSSMOOR 1106,14161106,,Breaker,ROSSMOOR,,TRUE,
530,ROSSMOOR 1107,14161107,857172,DPD,ROSSMOOR,,TRUE,
530,ROSSMOOR 1108,14161108,,Breaker,ROSSMOOR,,TRUE,
530,SOBRANTE 1101,14671101,,Breaker,SOBRANTE,,TRUE,
530,SOBRANTE 1102,14671102,,Breaker,SOBRANTE,,TRUE,
530,SOBRANTE 1103,14671103,,Breaker,SOBRANTE,,TRUE,
530,TASSAJARA 2103,14662103,557000,DPD,TASSAJARA,,TRUE,
530,TASSAJARA 2104,14662104,19042,DPD,TASSAJARA,,TRUE,
530,TASSAJARA 2106,14662106,203380,DPD,TASSAJARA,,TRUE,
530,TASSAJARA 2108,14662108,189700,DPD,TASSAJARA,,TRUE,
530,TASSAJARA 2108,14662108,437582,DPD,TASSAJARA,,TRUE,
530,TASSAJARA 2108,14662108,12712,DPD,TASSAJARA,,TRUE,
530,TASSAJARA 2109,14662109,202461,Switch,TASSAJARA,,TRUE,
530,TASSAJARA 2112,14662112,D579S,Switch,TASSAJARA,,TRUE,
530,TASSAJARA 2112,14662112,D569R,DPD,TASSAJARA,,TRUE,
530,TIDEWATER 2106,14652106,781445,DPD,TIDEWATER,,TRUE,
530,TIDEWATER 2106,14652106,14072,DPD,TIDEWATER,,TRUE,
530,TIDEWATER 2106,14652106,745811,DPD,TIDEWATER,,TRUE,
530,WAYNE 0401,13810401,954811,DPD,WAYNE,,TRUE,
530,WILLOW PASS 1101,13911101,152874,DPD,WILLOW PASS,,TRUE,
530,WILLOW PASS 2107,13912107,445650,DPD,WILLOW PASS,,TRUE,
530,WILLOW PASS 2108,13912108,945489,Switch,WILLOW PASS,,TRUE,
530,ARLINGTON 0401,13700401,404226,DPD,ARLINGTON,,TRUE,
530,BERKELEY F 0402,12060402,502466,DPD,BERKELEY F,,TRUE,
530,BERKELEY F 1103,12061103,162952,DPD,BERKELEY F,,TRUE,
530,BERKELEY F 1103,12061103,620294,DPD,BERKELEY F,,TRUE,
530,BERKELEY F 1103,12061103,813976,DPD,BERKELEY F,,TRUE,
530,BERKELEY F 1105,12061105,849701,DPD,BERKELEY F,,TRUE,
530,BERKELEY F 1105,12061105,979653,Switch,BERKELEY F,,TRUE,
530,BERKELEY F 1105,12061105,189500,DPD,BERKELEY F,,TRUE,
530,BOSTON 0401,13320401,520105,Switch,BOSTON,,TRUE,
530,EDES 1112,13681112,CR306,DPD,EDES,,TRUE,
530,EDES 1112,13681112,714759,DPD,EDES,,TRUE,
530,EL CERRITO G 1105,12501105,,Breaker,EL CERRITO G,,TRUE,
530,EL CERRITO G 1110,12501110,173396,DPD,EL CERRITO G,,TRUE,
530,EL CERRITO G 1110,12501110,BR236,DPD,EL CERRITO G,,TRUE,
530,EL CERRITO G 1111,12501111,760530,DPD,EL CERRITO G,,TRUE,
530,EL CERRITO G 1112,12501112,418480,DPD,EL CERRITO G,,TRUE,
530,EL CERRITO G 1112,12501112,779030,DPD,EL CERRITO G,,TRUE,
530,EL CERRITO G 1112,12501112,209865,DPD,EL CERRITO G,,TRUE,
530,EL CERRITO G 1112,12501112,BR180,DPD,EL CERRITO G,,TRUE,
530,FAIRMOUNT 0401,12650401,395180,DPD,FAIRMOUNT,,TRUE,
530,FLORENCE 0401,12690401,,Breaker,FLORENCE,,TRUE,
530,FRANKLIN 1101,13921101,P138,DPD,FRANKLIN,,TRUE,
530,FRANKLIN 1104,13921104,P136,DPD,FRANKLIN,,TRUE,
530,FRANKLIN 1104,13921104,P146,DPD,FRANKLIN,,TRUE,
530,HOLLYWOOD 0401,13170401,778677,Switch,HOLLYWOOD,,TRUE,
530,HOLLYWOOD 0401,13170401,381193,Switch,HOLLYWOOD,,TRUE,
530,OAK 0401,12600401,,Breaker,OAK,,TRUE,
530,OAKLAND D 1112,12041112,CR187,Switch,OAKLAND D,,TRUE,
530,OAKLAND J 1102,12091102,943501,Switch,OAKLAND J,,TRUE,
530,OAKLAND J 1102,12091102,159816,DPD,OAKLAND J,,TRUE,
530,OAKLAND J 1102,12091102,951816,DPD,OAKLAND J,,TRUE,
530,OAKLAND J 1105,12091105,CR256,DPD,OAKLAND J,,TRUE,
530,OAKLAND J 1106,12091106,CR330,DPD,OAKLAND J,,TRUE,
530,OAKLAND J 1106,12091106,159903,Switch,OAKLAND J,,TRUE,
530,OAKLAND K 1101,12101101,681602,Switch,OAKLAND K,,TRUE,
530,OAKLAND K 1101,12101101,CR172,DPD,OAKLAND K,,TRUE,
530,OAKLAND K 1101,12101101,349829,Switch,OAKLAND K,,TRUE,
530,OAKLAND K 1102,12101102,,Breaker,OAKLAND K,,TRUE,
530,OAKLAND K 1103,12101103,,Breaker,OAKLAND K,,TRUE,
530,OAKLAND K 1104,12101104,326225,Switch,OAKLAND K,,TRUE,
530,OAKLAND X 1101,12541101,328808,DPD,OAKLAND X,,TRUE,
530,OAKLAND X 1101,12541101,410729,Switch,OAKLAND X,,TRUE,
530,OAKLAND X 1104,12541104,645092,DPD,OAKLAND X,,TRUE,
530,OAKLAND X 1105,12541105,627141,Switch,OAKLAND X,,TRUE,
530,OAKLAND X 1105,12541105,184672,DPD,OAKLAND X,,TRUE,
530,OAKLAND X 1106,12541106,CR21,Switch,OAKLAND X,,TRUE,
530,OAKLAND X 1106,12541106,121588,DPD,OAKLAND X,,TRUE,
530,PALO SECO 0401,13180401,,Breaker,PALO SECO,,TRUE,
530,RIDGE 0401,12840401,,Breaker,RIDGE,,TRUE,
530,RIDGE 0402,12840402,,Breaker,RIDGE,,TRUE,
530,SAN LEANDRO U 1109,13111109,CR284,DPD,SAN LEANDRO U,,TRUE,
530,SAN LEANDRO U 1109,13111109,936988,DPD,SAN LEANDRO U,,TRUE,
530,SPRUCE 0401,13340401,BR316,DPD,SPRUCE,,TRUE,
530,SPRUCE 0402,13340402,BR304,DPD,SPRUCE,,TRUE,
530,VALLEY VIEW 1103,14341103,218424,DPD,VALLEY VIEW,,TRUE,
530,VALLEY VIEW 1105,14341105,305072,DPD,VALLEY VIEW,,TRUE,
530,VALLEY VIEW 1105,14341105,P126,DPD,VALLEY VIEW,,TRUE,
530,VALLEY VIEW 1106,14341106,602871,DPD,VALLEY VIEW,,TRUE,
530,VALLEY VIEW 1106,14341106,962273,Switch,VALLEY VIEW,,TRUE,
530,VALLEY VIEW 1106,14341106,P166,DPD,VALLEY VIEW,,TRUE,
530,WALDO 0401,13350401,965216,DPD,WALDO,,TRUE,
530,WALDO 0402,13350402,258792,DPD,WALDO,,TRUE,
530,WOOD 0401,13380401,880795,DPD,WOOD,,TRUE,
530,WOOD 0401,13380401,265211,DPD,WOOD,,TRUE,
530,Castro Valley 1105,14091105,132304,DPD,Castro Valley,,TRUE,
530,Castro Valley 1105,14091105,880884,Switch,Castro Valley,,TRUE,
530,Castro Valley 1105,14091105,882049,Switch,Castro Valley,,TRUE,
530,Castro Valley 1108,14091108,MR342,Switch,Castro Valley,,TRUE,
530,Castro Valley 1108,14091108,MR233,DPD,Castro Valley,,TRUE,
530,Castro Valley 1110,14091110,MR243,DPD,Castro Valley,,TRUE,
530,Castro Valley 1110,14091110,MR379,DPD,Castro Valley,,TRUE,
530,Castro Valley 1110,14091110,610800,DPD,Castro Valley,,TRUE,
530,Castro Valley 1110,14091110,264914,DPD,Castro Valley,,TRUE,
530,Castro Valley 1111,14091111,MR334,DPD,Castro Valley,,TRUE,
530,Castro Valley 1111,14091111,227862,DPD,Castro Valley,,TRUE,
530,CAYETANO 2109,14422109,884904,DPD,CAYETANO,,TRUE,
530,CAYETANO 2109,14422109,MR572,DPD,CAYETANO,,TRUE,
530,CAYETANO 2109,14422109,MR186,DPD,CAYETANO,,TRUE,
530,CAYETANO 2109,14422109,241413,DPD,CAYETANO,,TRUE,
530,CAYETANO 2111,14422111,644731,DPD,CAYETANO,,TRUE,
530,CAYETANO 2111,14422111,389190,DPD,CAYETANO,,TRUE,
530,Estudillo 0401,13480401,850884,DPD,Estudillo,,TRUE,
530,Fremont 1104,14351104,645342,DPD,Fremont,,TRUE,
530,Jarvis 1101,13501101,356542,DPD,Jarvis,,TRUE,
530,Jarvis 1108,13501108,767280,DPD,Jarvis,,TRUE,
530,Jarvis 1108,13501108,289662,DPD,Jarvis,,TRUE,
530,Jarvis 1111,13501111,907698,DPD,Jarvis,,TRUE,
530,Las Positas 2108,14402108,MR182,DPD,Las Positas,,TRUE,
530,Las Positas 2108,14402108,533131,Switch,Las Positas,,TRUE,
530,NORTH DUBLIN 2101,14052101,,Breaker,NORTH DUBLIN,,TRUE,
530,NORTH DUBLIN 2101,14052101,MR765,DPD,NORTH DUBLIN,,TRUE,
530,NORTH DUBLIN 2101,14052101,MR333,DPD,NORTH DUBLIN,,TRUE,
530,NORTH DUBLIN 2103,14052103,,Breaker,NORTH DUBLIN,,TRUE,
530,Radum 1105,13151105,806392,DPD,Radum,,TRUE,
530,San Leandro U 1114,13111114,7306,Switch,San Leandro U,,TRUE,
530,San Leandro U 1114,13111114,91087,Switch,San Leandro U,,TRUE,
530,San Leandro U 1114,13111114,501762,DPD,San Leandro U,,TRUE,
530,San Leandro U 1114,13111114,7120,Switch,San Leandro U,,TRUE,
530,San Leandro U 1114,13111114,653758,DPD,San Leandro U,,TRUE,
530,San Leandro U 1114,13111114,458451,DPD,San Leandro U,,TRUE,
530,San Ramon 2107,14232107,MR284,DPD,San Ramon,,TRUE,
530,San Ramon 2108,14232108,53732,DPD,San Ramon,,TRUE,
530,San Ramon 2108,14232108,363116,DPD,San Ramon,,TRUE,
530,Sunol 1101,14241101,,Breaker,Sunol,,TRUE,
530,Tassajara 2113,14662113,MR276,DPD,Tassajara,,TRUE,
530,Vineyard 2107,14502107,246084,DPD,Vineyard,,TRUE,
530,Vineyard 2107,14502107,978364,DPD,Vineyard,,TRUE,
530,Vineyard 2107,14502107,72639,Switch,Vineyard,,TRUE,
530,Vineyard 2108,14502108,383748,DPD,Vineyard,,TRUE,
530,Vineyard 2108,14502108,609690,DPD,Vineyard,,TRUE,
530,VINEYARD 2110,14502110,391250,DPD,VINEYARD,,TRUE,
530,VINEYARD 2110,14502110,472595,DPD,VINEYARD,,TRUE,
530,Edenvale 2107,82952107,739448,DPD,Edenvale,,TRUE,
530,Edenvale 2107,82952107,469810,DPD,Edenvale,,TRUE,
530,Edenvale 2107,82952107,288980,DPD,Edenvale,,TRUE,
530,Llagas 2101,83182101,783467,DPD,Llagas,,TRUE,
530,Llagas 2101,83182101,984552,DPD,Llagas,,TRUE,
530,Llagas 2101,83182101,587857,DPD,Llagas,,TRUE,
530,Llagas 2101,83182101,XR584,DPD,Llagas,,TRUE,
530,Llagas 2106,83182106,338878,DPD,Llagas,,TRUE,
530,Mc Kee 1108,83531108,976553,DPD,Mc Kee,,TRUE,
530,Milpitas 1105,82831105,98568,DPD,Milpitas,,TRUE,
530,Milpitas 1108,82831108,342498,DPD,Milpitas,,TRUE,
530,Milpitas 1109,82831109,XR044,DPD,Milpitas,,TRUE,
530,Morgan Hill 2104,83242104,152774,DPD,Morgan Hill,,TRUE,
530,Morgan Hill 2109,83242109,145998,DPD,Morgan Hill,,TRUE,
530,Piercy 2110,83912110,485103,Switch,Piercy,,TRUE,
530,Swift 2102,83392102,889948,DPD,Swift,,TRUE,
530,Swift 2107,83392107,XR526,DPD,Swift,,TRUE,
530,Swift 2110,83392110,XR366,DPD,Swift,,TRUE,
535,Mc Kee 1103,83531103,790241,Switch,Mc Kee,,TRUE,
535,Mc Kee 1111,83531111,425149,Switch,Mc Kee,,TRUE,
535,Swift 2110,83392110,XR254,DPD,Swift,,TRUE,
540,Vasco 1102,13751102,886522,DPD,Vasco,,TRUE,
540,Vasco 1102,13751102,416349,Switch,Vasco,,TRUE,
540,Vasco 1102,13751102,MR176,DPD,Vasco,,TRUE,
540,Swift 2110,83392110,XR332,DPD,Swift,,TRUE,
540,Westley 1103,162671103,237522,DPD,Westley,,TRUE,
545,Hollister 2105,182492105,4018,DPD,Hollister,,TRUE,
545,Hollister 2105,182492105,480430,DPD,Hollister,,TRUE,
545,Hollister 2105,182492105,903238,DPD,Hollister,,TRUE,
545,King City 1102,182031102,8849,DPD,King City,,TRUE,
545,Panoche 1103,253671103,4008,DPD,Panoche,,TRUE,
550,LAURELES 1111,182371111,2020,DPD,LAURELES,,TRUE,
553,Green Valley 2101,83192101,380922,DPD,Green Valley,,TRUE,
553,Green Valley 2101,83192101,135762,DPD,Green Valley,,TRUE,
553,Green Valley 2101,83192101,942143,DPD,Green Valley,,TRUE,
553,Edenvale 1102,82951102,761029,Switch,Edenvale,,TRUE,
518,Hicks 2101,83432101,984788,DPD,Hicks,,TRUE,
518,Hicks 2101,83432101,949522,DPD,Hicks,,TRUE,
553,Llagas 2104,83182104,603392,DPD,Llagas,,TRUE,
553,Llagas 2105,83182105,154256,DPD,Llagas,,TRUE,
553,Llagas 2105,83182105,534019,DPD,Llagas,,TRUE,
553,Llagas 2107,83182107,870396,DPD,Llagas,,TRUE,
553,Llagas 2107,83182107,250129,DPD,Llagas,,TRUE,
553,Llagas 2107,83182107,142710,DPD,Llagas,,TRUE,
553,Morgan Hill 2105,83242105,125787,Switch,Morgan Hill,,TRUE,
553,Morgan Hill 2105,83242105,375239,DPD,Morgan Hill,,TRUE,
553,Morgan Hill 2105,83242105,345099,DPD,Morgan Hill,,TRUE,
553,Morgan Hill 2105,83242105,975388,DPD,Morgan Hill,,TRUE,
553,Morgan Hill 2105,83242105,XR578,DPD,Morgan Hill,,TRUE,
553,Morgan Hill 2110,83242110,654924,DPD,Morgan Hill,,TRUE,
553,Morgan Hill 2110,83242110,814616,DPD,Morgan Hill,,TRUE,
553,Morgan Hill 2111,83242111,XR292,DPD,Morgan Hill,,TRUE,
553,Morgan Hill 2111,83242111,940112,DPD,Morgan Hill,,TRUE,
553,Morgan Hill 2111,83242111,477914,DPD,Morgan Hill,,TRUE,
553,Morgan Hill 2111,83242111,198043,Switch,Morgan Hill,,TRUE,
553,Morgan Hill 2111,83242111,816339,Switch,Morgan Hill,,TRUE,
558,Gabilan 1101,182331101,460414,DPD,Gabilan,,TRUE,
558,Hollister 2106,182492106,87543,Switch,Hollister,,TRUE,
558,San Benito 2101,182742101,295566,DPD,San Benito,,TRUE,
558,San Benito 2101,182742101,221165,DPD,San Benito,,TRUE,
558,San Benito 2104,182742104,785888,DPD,San Benito,,TRUE,
558,San Justo 1101,183181101,4537,Switch,San Justo,,TRUE,
558,San Justo 1101,183181101,4002,DPD,San Justo,,TRUE,
558,San Justo 1101,183181101,201311,DPD,San Justo,,TRUE,
558,Tres Pinos 1111,183221111,203126,DPD,Tres Pinos,,TRUE,
560,Los Ositos 2103,182082103,3010,DPD,Los Ositos,,TRUE,
565,Jolon 1102,182981102,,Breaker,Jolon,,TRUE,
565,Jolon 1103,182981103,,Breaker,Jolon,,TRUE,
565,Oilfields 1103,182391103,N44,DPD,Oilfields,,TRUE,
565,Oilfields 1103,182391103,132907,Switch,Oilfields,,TRUE,
565,Paso Robles 1104,182611104,R12,DPD,Paso Robles,,TRUE,
565,Templeton 2110,183052110,319569,Switch,Templeton,,TRUE,
565,Templeton 2110,183052110,R94,DPD,Templeton,,TRUE,
570,Camphora 1101,182071101,613562,DPD,Camphora,,TRUE,
570,Gonzales 1103,182131103,3096,DPD,Gonzales,,TRUE,
570,Jolon 1102,182981102,7040,DPD,Jolon,,TRUE,
570,King City 1103,182031103,7038,DPD,King City,,TRUE,
570,Los Coches 1101,182151101,625902,DPD,Los Coches,,TRUE,
570,Los Ositos 2102,182082102,624200,DPD,Los Ositos,,TRUE,
570,Los Ositos 2102,182082102,258878,DPD,Los Ositos,,TRUE,
570,Los Ositos 2102,182082102,148504,DPD,Los Ositos,,TRUE,
570,Los Ositos 2103,182082103,695270,DPD,Los Ositos,,TRUE,
570,Los Ositos 2103,182082103,220608,DPD,Los Ositos,,TRUE,
570,Los Ositos 2103,182082103,258688,DPD,Los Ositos,,TRUE,
570,Los Ositos 2103,182082103,7014,DPD,Los Ositos,,TRUE,
570,Oilfields 1103,182391103,643162,DPD,Oilfields,,TRUE,
570,Oilfields 1103,182391103,370932,DPD,Oilfields,,TRUE,
570,Oilfields 1103,182391103,441010,DPD,Oilfields,,TRUE,
570,RESERVATION ROAD 1102,182731102,3030,DPD,RESERVATION ROAD,,TRUE,
570,San Ardo 1101,182191101,7632,DPD,San Ardo,,TRUE,
570,San Ardo 1101,182191101,650772,DPD,San Ardo,,TRUE,
570,San Ardo 1101,182191101,610148,DPD,San Ardo,,TRUE,
570,San Miguel 1106,182661106,N34,DPD,San Miguel,,TRUE,
570,Soledad 2102,182052102,7008,DPD,Soledad,,TRUE,
570,Soledad 2102,182052102,858388,DPD,Soledad,,TRUE,
570,Soledad 2102,182052102,304826,DPD,Soledad,,TRUE,
570,Oilfields 1103,182391103,N42,DPD,Oilfields,,TRUE,
570,Paso Robles 1103,182611103,N52,DPD,Paso Robles,,TRUE,
570,San Miguel 1105,182661105,873457,DPD,San Miguel,,TRUE,
575,Atascadero 1101,182541101,A50,DPD,Atascadero,,TRUE,
575,Atascadero 1101,182541101,747522,DPD,Atascadero,,TRUE,
575,Atascadero 1102,182541102,825520,DPD,Atascadero,,TRUE,
575,Atascadero 1103,182541103,440856,DPD,Atascadero,,TRUE,
575,Atascadero 1103,182541103,492068,DPD,Atascadero,,TRUE,
575,Cayucos 1102,182551102,613456,DPD,Cayucos,,TRUE,
575,Paso Robles 1103,182611103,N58,DPD,Paso Robles,,TRUE,
575,Paso Robles 1103,182611103,351084,DPD,Paso Robles,,TRUE,
575,Paso Robles 1104,182611104,407391,Switch,Paso Robles,,TRUE,
575,Paso Robles 1104,182611104,R56,DPD,Paso Robles,,TRUE,
575,Paso Robles 1107,182611107,289947,DPD,Paso Robles,,TRUE,
575,San Miguel 1104,182661104,895760,DPD,San Miguel,,TRUE,
575,Templeton 2108,183052108,A64,DPD,Templeton,,TRUE,
575,Templeton 2110,183052110,317796,DPD,Templeton,,TRUE,
575,Templeton 2111,183052111,879137,Switch,Templeton,,TRUE,
575,Templeton 2112,183052112,116402,DPD,Templeton,,TRUE,
575,Templeton 2112,183052112,238418,DPD,Templeton,,TRUE,
575,Templeton 2113,183052113,,Breaker,Templeton,,TRUE,
580,San Miguel 1104,182661104,514987,DPD,San Miguel,,TRUE,
580,San Miguel 1106,182661106,605393,DPD,San Miguel,,TRUE,
580,San Miguel 1106,182661106,428314,DPD,San Miguel,,TRUE,
582,Atascadero 1103,182541103,200783,Switch,Atascadero,,TRUE,
582,Atascadero 1103,182541103,395936,DPD,Atascadero,,TRUE,
582,San Luis Obispo 1101,182631101,V12,DPD,San Luis Obispo,,TRUE,
582,San Luis Obispo 1104,182631104,982992,DPD,San Luis Obispo,,TRUE,
582,Templeton 2113,183052113,A10,DPD,Templeton,,TRUE,
585,Sisquoc 1102,182811102,M52,DPD,Sisquoc,,TRUE,
585,Sisquoc 1103,182811103,867486,DPD,Sisquoc,,TRUE,
585,Sisquoc 1103,182811103,858898,DPD,Sisquoc,,TRUE,
588,Cuyama 1103,253141103,622728,DPD,Cuyama,,TRUE,
590,Cholame 2102,182562102,182271,Switch,Cholame,,TRUE,
162,COVELO 1101,43061101,2103,Fuse,COVELO,,TRUE,
162,COVELO 1101,43061101,2549,Fuse,COVELO,,TRUE,
162,COVELO 1101,43061101,1901,Fuse,COVELO,,TRUE,
180,PUEBLO 2103,43292103,1287,Fuse,PUEBLO,,TRUE,
180,SILVERADO 2105,43432105,775,Fuse,SILVERADO,,TRUE,
180,SILVERADO 2105,43432105,116741,Switch,SILVERADO,,TRUE,
180,FITCH MOUNTAIN 1111,42751111,6271,Fuse,FITCH MOUNTAIN,,TRUE,
180,FULTON 1102,42561102,2467,Switch,FULTON,,TRUE,
190,GREENBRAE 1102,43091102,3873,Fuse,GREENBRAE,,TRUE,
190,SAN RAFAEL 1105,42011105,1857,Switch,SAN RAFAEL,,TRUE,
320,FROGTOWN 1702,163451702,L2793,Fuse,FROGTOWN,,TRUE,
340,DIAMOND SPRINGS 1103,152261103,20157,Fuse,DIAMOND SPRINGS,,TRUE,
424,SHEPHERD 2111,252062111,837707,Switch,SHEPHERD,,TRUE,
430,Reedley 1104,252341104,3923F,Fuse,Reedley,,TRUE,
430,Stone Corral 1108,252921108,7843D,Switch,Stone Corral,,TRUE,
490,Gustine 1102,163111102,3547,Switch,Gustine,,TRUE,
490,SANTA NELLA 1104,254051104,3944,Switch,SANTA NELLA,,TRUE,
495,CANTUA 1103,253591103,9207F,Fuse,CANTUA,,TRUE,
497,AVENAL 2101,255002101,9996F,Fuse,AVENAL,,TRUE,
495,COALINGA NO 1 1109,252161109,9823D,Switch,COALINGA NO,,TRUE,
495,COALINGA NO 2 1105,252381105,9427,Switch,COALINGA NO,,TRUE,
497,DEVILS DEN 1101,253451101,9961F,Fuse,DEVILS DEN,,TRUE,
497,GATES 1106,253931106,9875F,Fuse,GATES,,TRUE,
497,KETTLEMAN HILLS 2104,252732104,9716F,Fuse,KETTLEMAN HILLS,,TRUE,
505,Watsonville 2101,83332101,2175,Fuse,Watsonville,,TRUE,
505,Watsonville 2101,83332101,938875,Switch,Watsonville,,TRUE,
518,Loyola 1102,82161102,1613,Fuse,Loyola,,TRUE,
518,Loyola 1102,82161102,12207,Fuse,Loyola,,TRUE,
518,Loyola 1102,82161102,1651,Fuse,Loyola,,TRUE,
518,Menlo 1103,24131103,10871,Switch,Menlo,,TRUE,
518,Stelling 1110,83481110,2409,Fuse,Stelling,,TRUE,
518,Stelling 1110,83481110,56495,Switch,Stelling,,TRUE,
518,Menlo 1102,24131102,8339,Fuse,Menlo,,TRUE,
518,Menlo 1102,24131102,12905,Fuse,Menlo,,TRUE,
518,Menlo 1102,24131102,5503,Fuse,Menlo,,TRUE,
518,Menlo 1102,24131102,5505,Fuse,Menlo,,TRUE,
518,Ralston 1102,24141102,3963,Fuse,Ralston,,TRUE,
535,Mc Kee 1107,83531107,806351,Switch,Mc Kee,,TRUE,
540,Carbona 1101,163091101,D2841,Fuse,Carbona,,TRUE,
553,Green Valley 2101,83192101,6791,Fuse,Green Valley,,TRUE,
588,Cuyama 2102,253142102,9030,Fuse,Cuyama,,TRUE,
590,CARRIZO PLAINS 1101,253461101,1530,Fuse,CARRIZO PLAINS,,TRUE,
590,CARRIZO PLAINS 1101,253461101,14235,Fuse,CARRIZO PLAINS,,TRUE,
530,Castro Valley 1102,14091102,837904,DPD,Castro Valley,,TRUE,
530,Castro Valley 1102,14091102,840916,DPD,Castro Valley,,TRUE,
530,Castro Valley 1102,14091102,960346,DPD,Castro Valley,,TRUE,
530,Castro Valley 1111,14091111,823098,Switch,Castro Valley,,TRUE,
440,Dunlap 0001,254060001,686102,DPD,Dunlap,,TRUE,
440,Dunlap 0001,254060001,395208,DPD,Dunlap,,TRUE,
,ROSSMOOR 1102,14161102,968599,Switch,ROSSMOOR,,TRUE,
