circuit Id,circuit Name,comments,fia,Source Is.D,Source Is.D Type,substation
192021121,ARCATA 1121,,100,716954,DPD,ARCATA
192021122,ARCATA 1122,,100,5384,DPD,ARCATA
192021122,ARCATA 1122,,100,110996,DPD,ARCATA
192291121,CARLOTTA 1121,,100,,Breaker,CARLOTTA
192381102,EEL RIVER 1102,,100,1902,DPD,EEL RIVER
192381102,EEL RIVER 1102,,100,630456,DPD,EEL RIVER
192381102,EEL RIVER 1102,,100,720639,DPD,EEL RIVER
192381103,EEL RIVER 1103,,100,241646,DPD,EEL RIVER
192381103,EEL RIVER 1103,,100,987714,DPD,EEL RIVER
192381103,EEL RIVER 1103,,100,216324,DPD,EEL RIVER
192431108,HARRIS 1108,,100,395498,DPD,HARRIS
192431108,HARRIS 1108,,100,705523,DPD,HARRIS
192431109,HARRIS 1109,,100,183860,DPD,HARRIS
192431109,HARRIS 1109,,100,237791,DPD,HARRIS
192431109,HARRIS 1109,,100,661309,DPD,HARRIS
192431109,HARRIS 1109,,100,355914,DPD,HARRIS
192401101,HOOPA 1101,,100,37202,DPD,HOOPA
192341102,HUMBOLDT BAY 1102,,100,741980,DPD,HUMBOLDT BAY
192341102,HUMBOLDT BAY 1102,,100,104220,DPD,HUMBOLDT BAY
192101101,MAPLE CREEK 1101,,100,555034,DPD,MAPLE CREEK
192151131,NEWBURG 1131,,100,380686,DPD,NEWBURG
192151131,NEWBURG 1131,,100,557468,DPD,NEWBURG
192151131,NEWBURG 1131,,100,987158,DPD,NEWBURG
192151131,NEWBURG 1131,,100,90242,DPD,NEWBURG
192151132,NEWBURG 1132,,100,910230,DPD,NEWBURG
192151132,NEWBURG 1132,,100,665674,DPD,NEWBURG
192151133,NEWBURG 1133,,100,,Breaker,NEWBURG
192381102,EEL RIVER 1102,,105,4814,DPD,EEL RIVER
192311141,FRUITLAND 1141,,105,,Breaker,FRUITLAND
192311142,FRUITLAND 1142,,105,,Breaker,FRUITLAND
192221101,GARBERVILLE 1101,,105,,Breaker,GARBERVILLE
192221102,GARBERVILLE 1102,,105,,Breaker,GARBERVILLE
192221103,GARBERVILLE 1103,,105,,Breaker,GARBERVILLE
192251102,RIO DELL 1102,,105,772210,DPD,RIO DELL
192251102,RIO DELL 1102,,105,214052,DPD,RIO DELL
192251102,RIO DELL 1102,,105,8852,DPD,RIO DELL
192401101,HOOPA 1101,,112,3174,DPD,HOOPA
192401101,HOOPA 1101,,113,,Breaker,HOOPA
192171101,Willow Creek 1101,,113,91926,DPD,Willow Creek
192101101,MAPLE CREEK 1101,,115,,Breaker,MAPLE CREEK
192171101,WILLOW CREEK 1101,,115,,Breaker,WILLOW CREEK
192171102,WILLOW CREEK 1102,,115,,Breaker,WILLOW CREEK
192171103,WILLOW CREEK 1103,,115,,Breaker,WILLOW CREEK
192461101,BRIDGEVILLE 1101,,120,,Breaker,BRIDGEVILLE
192461102,BRIDGEVILLE 1102,,120,,Breaker,BRIDGEVILLE
192321121,FORT SEWARD 1121,,120,,Breaker,FORT SEWARD
192321122,FORT SEWARD 1122,,120,,Breaker,FORT SEWARD
192321121,FORT SEWARD 1121,,130,1602,DPD,FORT SEWARD
192411101,LOW GAP 1101,,130,,Breaker,LOW GAP
42861101,ANNAPOLIS 1101,,140,,Breaker,ANNAPOLIS
43081101,BIG RIVER 1101,,140,,Breaker,BIG RIVER
42981101,ELK 1101,,140,,Breaker,ELK
42761101,FORT BRAGG 1101,,140,3100,DPD,FORT BRAGG
42761102,FORT BRAGG 1102,,140,,Breaker,FORT BRAGG
42761103,FORT BRAGG 1103,,140,284356,DPD,FORT BRAGG
42761104,FORT BRAGG 1104,,140,1316,DPD,FORT BRAGG
42761104,FORT BRAGG 1104,,140,4690,DPD,FORT BRAGG
42761104,FORT BRAGG 1104,,140,920850,DPD,FORT BRAGG
43040401,GARCIA 0401,,140,666,DPD,GARCIA
42841111,GUALALA 1111,,140,,Breaker,GUALALA
42841112,GUALALA 1112,,140,,Breaker,GUALALA
42601102,PHILO 1102,,140,1308,DPD,PHILO
43381101,POINT ARENA 1101,,140,,Breaker,POINT ARENA
42851121,FORT ROSS 1121,,140,,Breaker,FORT ROSS
42091101,Mirabel 1101,,140,298,DPD,Mirabel
42571102,Molino 1102,,140,658,DPD,Molino
42571102,Molino 1102,,140,104,DPD,Molino
42811111,MONTE RIO 1111,,140,,Breaker,MONTE RIO
42811112,MONTE RIO 1112,,140,,Breaker,MONTE RIO
42811113,MONTE RIO 1113,,140,,Breaker,MONTE RIO
43161101,Salmon Creek 1101,,140,37368,DPD,Salmon Creek
192221101,GARBERVILLE 1101,,150,1770,DPD,GARBERVILLE
42681101,LAYTONVILLE 1101,,150,,Breaker,LAYTONVILLE
42681102,LAYTONVILLE 1102,,150,,Breaker,LAYTONVILLE
42661103,WILLITS 1103,,150,37506,DPD,WILLITS
42711101,CALISTOGA 1101,,154,890,DPD,CALISTOGA
43411101,CALPELLA 1101,,154,154183,Switch,CALPELLA
43411102,CALPELLA 1102,,154,421412,DPD,CALPELLA
43411102,CALPELLA 1102,,154,379946,DPD,CALPELLA
43411102,CALPELLA 1102,,154,144510,DPD,CALPELLA
43411102,CALPELLA 1102,,154,127462,DPD,CALPELLA
43411102,CALPELLA 1102,,154,477890,DPD,CALPELLA
43411102,CALPELLA 1102,,154,708161,DPD,CALPELLA
42251101,HOPLAND 1101,,154,,Breaker,HOPLAND
42951101,MENDOCINO 1101,,154,,Breaker,MENDOCINO
42281104,POTTER VALLEY P H 1104,,154,,Breaker,POTTER VALLEY P H
42281105,POTTER VALLEY P H 1105,,154,,Breaker,POTTER VALLEY P H
42771111,UKIAH 1111,,154,807988,DPD,UKIAH
42771111,UKIAH 1111,,154,168892,DPD,UKIAH
42771111,UKIAH 1111,,154,534,DPD,UKIAH
42771113,UKIAH 1113,,154,968652,DPD,UKIAH
42771113,UKIAH 1113,,154,658899,DPD,UKIAH
42771113,UKIAH 1113,,154,548420,DPD,UKIAH
42771113,UKIAH 1113,,154,691436,DPD,UKIAH
42771114,UKIAH 1114,,154,422291,Switch,UKIAH
42771114,UKIAH 1114,,154,567743,Switch,UKIAH
42771114,UKIAH 1114,,154,408,DPD,UKIAH
42771114,UKIAH 1114,,154,296894,DPD,UKIAH
42771114,UKIAH 1114,,154,844294,DPD,UKIAH
42771115,UKIAH 1115,,154,,Breaker,UKIAH
42661102,WILLITS 1102,,154,,Breaker,WILLITS
42661103,WILLITS 1103,,154,,Breaker,WILLITS
42661104,WILLITS 1104,,154,,Breaker,WILLITS
42821101,CLOVERDALE 1101,,154,964556,DPD,CLOVERDALE
42821101,CLOVERDALE 1101,,154,84088,DPD,CLOVERDALE
42821101,CLOVERDALE 1101,,154,409224,DPD,CLOVERDALE
42821101,CLOVERDALE 1101,,154,704542,DPD,CLOVERDALE
42821101,CLOVERDALE 1101,,154,474708,DPD,CLOVERDALE
42821101,CLOVERDALE 1101,,154,399855,DPD,CLOVERDALE
42821101,CLOVERDALE 1101,,154,807953,DPD,CLOVERDALE
42821102,CLOVERDALE 1102,,154,383183,DPD,CLOVERDALE
42821102,CLOVERDALE 1102,,154,284857,Switch,CLOVERDALE
42821102,CLOVERDALE 1102,,154,835233,Switch,CLOVERDALE
42821102,CLOVERDALE 1102,,154,736078,DPD,CLOVERDALE
42821102,CLOVERDALE 1102,,154,172096,DPD,CLOVERDALE
42821102,CLOVERDALE 1102,,154,307342,DPD,CLOVERDALE
42891101,GEYSERVILLE 1101,,154,663668,Switch,GEYSERVILLE
42891101,GEYSERVILLE 1101,,154,166,DPD,GEYSERVILLE
42891101,GEYSERVILLE 1101,,154,424379,Switch,GEYSERVILLE
42891101,GEYSERVILLE 1101,,154,216442,DPD,GEYSERVILLE
42891101,GEYSERVILLE 1101,,154,463260,DPD,GEYSERVILLE
42891101,GEYSERVILLE 1101,,154,975350,DPD,GEYSERVILLE
42891101,GEYSERVILLE 1101,,154,711966,DPD,GEYSERVILLE
42891102,GEYSERVILLE 1102,,154,331444,DPD,GEYSERVILLE
42601101,Philo 1101,,154,,Breaker,Philo
42601102,Philo 1102,,154,,Breaker,Philo
43061101,COVELO 1101,,162,536,DPD,COVELO
43061101,COVELO 1101,,162,516510,DPD,COVELO
43061101,COVELO 1101,,162,627416,DPD,COVELO
43061101,COVELO 1101,,162,430286,DPD,COVELO
43061101,COVELO 1101,,162,478952,DPD,COVELO
43061101,COVELO 1101,,162,306476,DPD,COVELO
42281104,POTTER VALLEY P H 1104,,162,,Breaker,POTTER VALLEY P H
42281105,POTTER VALLEY P H 1105,,162,,Breaker,POTTER VALLEY P H
43351103,LUCERNE 1103,,170,,Breaker,LUCERNE
43351106,LUCERNE 1106,,170,,Breaker,LUCERNE
42871101,UPPER LAKE 1101,,170,660,DPD,UPPER LAKE
42871101,UPPER LAKE 1101,,170,589745,Switch,UPPER LAKE
102781101,ELK CREEK 1101,,170,2032,DPD,ELK CREEK
102781101,ELK CREEK 1101,,170,2106,DPD,ELK CREEK
42711101,CALISTOGA 1101,,175,537148,DPD,CALISTOGA
42711102,CALISTOGA 1102,,175,66730,DPD,CALISTOGA
43051101,MONTICELLO 1101,,175,,Breaker,MONTICELLO
43291104,PUEBLO 1104,,175,1304,DPD,PUEBLO
43291105,PUEBLO 1105,,175,696,DPD,PUEBLO
43291105,PUEBLO 1105,,175,684564,DPD,PUEBLO
43432102,SILVERADO 2102,,175,34959,DPD,SILVERADO
43432104,SILVERADO 2104,,175,37632,DPD,SILVERADO
42141101,CLEAR LAKE 1101,,175,740076,DPD,CLEAR LAKE
42141101,CLEAR LAKE 1101,,175,699062,DPD,CLEAR LAKE
42141101,CLEAR LAKE 1101,,175,881362,DPD,CLEAR LAKE
42141101,CLEAR LAKE 1101,,175,406,DPD,CLEAR LAKE
42141101,CLEAR LAKE 1101,,175,1302,DPD,CLEAR LAKE
42141102,CLEAR LAKE 1102,,175,904,DPD,CLEAR LAKE
42141102,CLEAR LAKE 1102,,175,991285,DPD,CLEAR LAKE
42141102,CLEAR LAKE 1102,,175,223792,DPD,CLEAR LAKE
43211101,HARTLEY 1101,,175,698,DPD,HARTLEY
43211101,HARTLEY 1101,,175,980662,DPD,HARTLEY
43211101,HARTLEY 1101,,175,534548,DPD,HARTLEY
43211102,HARTLEY 1102,,175,385838,DPD,HARTLEY
43361101,HIGHLANDS 1101,,175,,Breaker,HIGHLANDS
43361102,HIGHLANDS 1102,,175,,Breaker,HIGHLANDS
43361103,HIGHLANDS 1103,,175,,Breaker,HIGHLANDS
43361104,HIGHLANDS 1104,,175,,Breaker,HIGHLANDS
43311102,KONOCTI 1102,,175,,Breaker,KONOCTI
43311108,KONOCTI 1108,,175,,Breaker,KONOCTI
43351103,LUCERNE 1103,,175,1280,DPD,LUCERNE
43351103,LUCERNE 1103,,175,4624,DPD,LUCERNE
43351106,LUCERNE 1106,,175,76850,DPD,LUCERNE
43351106,LUCERNE 1106,,175,47198,DPD,LUCERNE
43141101,MIDDLETOWN 1101,,175,439572,DPD,MIDDLETOWN
43141101,MIDDLETOWN 1101,,175,481876,DPD,MIDDLETOWN
43141101,MIDDLETOWN 1101,,175,118494,DPD,MIDDLETOWN
43141101,MIDDLETOWN 1101,,175,548,DPD,MIDDLETOWN
43141101,MIDDLETOWN 1101,,175,932140,DPD,MIDDLETOWN
43141102,MIDDLETOWN 1102,,175,302610,DPD,MIDDLETOWN
43141103,MIDDLETOWN 1103,,175,,Breaker,MIDDLETOWN
43191101,REDBUD 1101,,175,,Breaker,REDBUD
43191102,REDBUD 1102,,175,,Breaker,REDBUD
42871101,UPPER LAKE 1101,,175,,Breaker,UPPER LAKE
102781101,Elk Creek 1101,,177,2008,DPD,Elk Creek
62081101,Arbuckle 1101,,177,932352,DPD,Arbuckle
62081104,Arbuckle 1104,,177,669720,DPD,Arbuckle
63121101,Cortina 1101,,177,528460,DPD,Cortina
63171105,Madison 1105,,177,495270,DPD,Madison
63172101,Madison 2101,,177,725408,DPD,Madison
63172101,Madison 2101,,177,760730,DPD,Madison
63172101,Madison 2101,,177,335483,Switch,Madison
63172101,Madison 2101,,177,745850,DPD,Madison
63172101,Madison 2101,,177,995351,Switch,Madison
63172101,Madison 2101,,177,351038,DPD,Madison
63172101,Madison 2101,,177,13372,DPD,Madison
63172101,Madison 2101,,177,117644,DPD,Madison
63172101,Madison 2101,,177,845694,DPD,Madison
62881105,Maxwell 1105,,177,3008,DPD,Maxwell
63642106,Peabody 2106,,177,592742,DPD,Peabody
63642106,Peabody 2106,,177,250154,DPD,Peabody
63642108,Peabody 2108,,177,113684,DPD,Peabody
63642113,Peabody 2113,,177,945670,DPD,Peabody
63642113,Peabody 2113,,177,873304,DPD,Peabody
63681102,Putah Creek 1102,,177,8352,DPD,Putah Creek
63681102,Putah Creek 1102,,177,710384,DPD,Putah Creek
63681103,Putah Creek 1103,,177,96792,DPD,Putah Creek
63681103,Putah Creek 1103,,177,654021,DPD,Putah Creek
63681105,Putah Creek 1105,,177,748272,DPD,Putah Creek
63681105,Putah Creek 1105,,177,617260,DPD,Putah Creek
63681105,Putah Creek 1105,,177,665952,DPD,Putah Creek
63591101,Vaca Dixon 1101,,177,126774,DPD,Vaca Dixon
63591105,Vaca Dixon 1105,,177,651,Switch,Vaca Dixon
63591105,Vaca Dixon 1105,,177,965390,DPD,Vaca Dixon
63601104,Vacaville 1104,,177,386183,Switch,Vacaville
63601104,Vacaville 1104,,177,874798,DPD,Vacaville
63601108,Vacaville 1108,,177,697177,Switch,Vacaville
63601109,Vacaville 1109,,177,799940,DPD,Vacaville
63601111,Vacaville 1111,,177,8827,Switch,Vacaville
63601111,Vacaville 1111,,177,12342,DPD,Vacaville
63601111,Vacaville 1111,,177,772224,DPD,Vacaville
63601111,Vacaville 1111,,177,905076,DPD,Vacaville
42031120,ALTO 1120,,180,500,DPD,ALTO
42031120,ALTO 1120,,180,81716,DPD,ALTO
42031125,ALTO 1125,,180,902,DPD,ALTO
42031125,ALTO 1125,,180,1256,DPD,ALTO
42461106,BASALT 1106,,180,657038,DPD,BASALT
42261101,BOLINAS 1101,,180,504,DPD,BOLINAS
42261101,BOLINAS 1101,,180,530,DPD,BOLINAS
42261101,BOLINAS 1101,,180,37034,DPD,BOLINAS
42711101,CALISTOGA 1101,,180,43924,DPD,CALISTOGA
42711101,CALISTOGA 1101,,180,959538,DPD,CALISTOGA
42711101,CALISTOGA 1101,,180,134232,DPD,CALISTOGA
42711101,CALISTOGA 1101,,180,664786,DPD,CALISTOGA
42711101,CALISTOGA 1101,,180,157668,DPD,CALISTOGA
42711102,CALISTOGA 1102,,180,423864,Switch,CALISTOGA
42711102,CALISTOGA 1102,,180,306462,DPD,CALISTOGA
42711102,CALISTOGA 1102,,180,184814,DPD,CALISTOGA
42711102,CALISTOGA 1102,,180,634,DPD,CALISTOGA
42711102,CALISTOGA 1102,,180,289931,Switch,CALISTOGA
42711102,CALISTOGA 1102,,180,960240,DPD,CALISTOGA
42481104,IGNACIO 1104,,180,1290,DPD,IGNACIO
43051101,MONTICELLO 1101,,180,4360,DPD,MONTICELLO
42021102,NAPA 1102,,180,561208,DPD,NAPA
42021112,NAPA 1112,,180,1302,DPD,NAPA
42021112,NAPA 1112,,180,189537,Switch,NAPA
42211104,NOVATO 1104,,180,55398,DPD,NOVATO
42211104,NOVATO 1104,,180,676060,DPD,NOVATO
42291101,OLEMA 1101,,180,49756,DPD,OLEMA
42291101,OLEMA 1101,,180,416,DPD,OLEMA
42291101,OLEMA 1101,,180,337220,DPD,OLEMA
42291101,OLEMA 1101,,180,758594,DPD,OLEMA
43291104,PUEBLO 1104,,180,291873,Switch,PUEBLO
43291104,PUEBLO 1104,,180,968601,DPD,PUEBLO
43291104,PUEBLO 1104,,180,580658,DPD,PUEBLO
43291105,PUEBLO 1105,,180,110347,Switch,PUEBLO
43291105,PUEBLO 1105,,180,348368,DPD,PUEBLO
43291105,PUEBLO 1105,,180,419634,DPD,PUEBLO
43292102,PUEBLO 2102,,180,792,DPD,PUEBLO
43292102,PUEBLO 2102,,180,391312,DPD,PUEBLO
43292102,PUEBLO 2102,,180,595938,DPD,PUEBLO
43292102,PUEBLO 2102,,180,647842,DPD,PUEBLO
43292102,PUEBLO 2102,,180,773926,DPD,PUEBLO
43292102,PUEBLO 2102,,180,279478,DPD,PUEBLO
43292102,PUEBLO 2102,,180,895310,DPD,PUEBLO
43292102,PUEBLO 2102,,180,226562,DPD,PUEBLO
43292102,PUEBLO 2102,,180,769868,DPD,PUEBLO
43292102,PUEBLO 2102,,180,943820,DPD,PUEBLO
43292102,PUEBLO 2102,,180,850102,DPD,PUEBLO
43292103,PUEBLO 2103,,180,678,DPD,PUEBLO
43292103,PUEBLO 2103,,180,895784,DPD,PUEBLO
43292103,PUEBLO 2103,,180,253312,DPD,PUEBLO
43292103,PUEBLO 2103,,180,373667,DPD,PUEBLO
43292103,PUEBLO 2103,,180,706399,DPD,PUEBLO
43292103,PUEBLO 2103,,180,776244,DPD,PUEBLO
42491101,SAUSALITO 1101,,180,688590,DPD,SAUSALITO
42491101,SAUSALITO 1101,,180,331806,DPD,SAUSALITO
42491102,SAUSALITO 1102,,180,964592,DPD,SAUSALITO
42491102,SAUSALITO 1102,,180,758798,DPD,SAUSALITO
42491102,SAUSALITO 1102,,180,410,DPD,SAUSALITO
42491102,SAUSALITO 1102,,180,1500,DPD,SAUSALITO
42491102,SAUSALITO 1102,,180,84278,DPD,SAUSALITO
43432102,SILVERADO 2102,,180,636,DPD,SILVERADO
43432102,SILVERADO 2102,,180,5101,Switch,SILVERADO
43432102,SILVERADO 2102,,180,638785,Switch,SILVERADO
43432102,SILVERADO 2102,,180,437194,DPD,SILVERADO
43432102,SILVERADO 2102,,180,772792,DPD,SILVERADO
43432102,SILVERADO 2102,,180,880281,Switch,SILVERADO
43432102,SILVERADO 2102,,180,942170,DPD,SILVERADO
43432102,SILVERADO 2102,,180,285782,DPD,SILVERADO
43432103,SILVERADO 2103,,180,507513,DPD,SILVERADO
43432103,SILVERADO 2103,,180,218894,DPD,SILVERADO
43432103,SILVERADO 2103,,180,403102,DPD,SILVERADO
43432103,SILVERADO 2103,,180,617828,DPD,SILVERADO
43432103,SILVERADO 2103,,180,920793,DPD,SILVERADO
43432104,SILVERADO 2104,,180,708,DPD,SILVERADO
43432105,SILVERADO 2105,,180,511299,Switch,SILVERADO
43432105,SILVERADO 2105,,180,768606,DPD,SILVERADO
43432105,SILVERADO 2105,,180,167360,DPD,SILVERADO
43432105,SILVERADO 2105,,180,337226,DPD,SILVERADO
43432105,SILVERADO 2105,,180,191725,DPD,SILVERADO
43432105,SILVERADO 2105,,180,247660,DPD,SILVERADO
43432105,SILVERADO 2105,,180,131568,DPD,SILVERADO
43432105,SILVERADO 2105,,180,309298,DPD,SILVERADO
43432105,SILVERADO 2105,,180,861266,DPD,SILVERADO
42301101,TULUCAY 1101,,180,628,DPD,TULUCAY
42301101,TULUCAY 1101,,180,504524,DPD,TULUCAY
43021101,WOODACRE 1101,,180,1238,DPD,WOODACRE
63801102,JAMESON 1102,,180,65516,DPD,JAMESON
63801102,JAMESON 1102,,180,865502,DPD,JAMESON
63801102,JAMESON 1102,,180,819086,DPD,JAMESON
63801103,JAMESON 1103,,180,118944,DPD,JAMESON
63801105,JAMESON 1105,,180,913400,DPD,JAMESON
63801105,JAMESON 1105,,180,371694,DPD,JAMESON
63801105,JAMESON 1105,,180,9472,DPD,JAMESON
63801105,JAMESON 1105,,180,466348,DPD,JAMESON
43182103,BELLEVUE 2103,,180,478,DPD,BELLEVUE
43491103,CORONA 1103,,180,776806,DPD,CORONA
43491103,CORONA 1103,,180,114284,DPD,CORONA
42271102,COTATI 1102,,180,,Breaker,COTATI
42271103,COTATI 1103,,180,,Breaker,COTATI
42271104,COTATI 1104,,180,,Breaker,COTATI
43071101,DUNBAR 1101,,180,,Breaker,DUNBAR
43071102,DUNBAR 1102,,180,,Breaker,DUNBAR
43071103,DUNBAR 1103,,180,,Breaker,DUNBAR
43071103,DUNBAR 1103,,180,137736,DPD,DUNBAR
43071103,DUNBAR 1103,,180,872066,DPD,DUNBAR
43071103,DUNBAR 1103,,180,725292,DPD,DUNBAR
43071103,DUNBAR 1103,,180,835658,DPD,DUNBAR
42751111,FITCH MOUNTAIN 1111,,180,752596,DPD,FITCH MOUNTAIN
42751111,FITCH MOUNTAIN 1111,,180,792628,DPD,FITCH MOUNTAIN
42751111,FITCH MOUNTAIN 1111,,180,555644,DPD,FITCH MOUNTAIN
42751112,FITCH MOUNTAIN 1112,,180,,Breaker,FITCH MOUNTAIN
42751113,FITCH MOUNTAIN 1113,,180,583202,DPD,FITCH MOUNTAIN
42751113,FITCH MOUNTAIN 1113,,180,352,DPD,FITCH MOUNTAIN
42751113,FITCH MOUNTAIN 1113,,180,49826,DPD,FITCH MOUNTAIN
42561102,FULTON 1102,,180,16791,Switch,FULTON
42561104,FULTON 1104,,180,574040,Switch,FULTON
42561107,FULTON 1107,,180,136051,Switch,FULTON
42561107,FULTON 1107,,180,46958,DPD,FULTON
42891101,GEYSERVILLE 1101,,180,35492,DPD,GEYSERVILLE
42891101,GEYSERVILLE 1101,,180,480,DPD,GEYSERVILLE
42891102,GEYSERVILLE 1102,,180,537096,DPD,GEYSERVILLE
42891102,GEYSERVILLE 1102,,180,180193,DPD,GEYSERVILLE
42891102,GEYSERVILLE 1102,,180,220154,DPD,GEYSERVILLE
43371102,LAKEVILLE 1102,,180,87432,DPD,LAKEVILLE
43371102,LAKEVILLE 1102,,180,152632,DPD,LAKEVILLE
43371102,LAKEVILLE 1102,,180,347280,DPD,LAKEVILLE
43371102,LAKEVILLE 1102,,180,640147,Switch,LAKEVILLE
43371102,LAKEVILLE 1102,,180,367100,DPD,LAKEVILLE
42091101,MIRABEL 1101,,180,253331,DPD,MIRABEL
42091101,MIRABEL 1101,,180,915355,Switch,MIRABEL
42091101,MIRABEL 1101,,180,688780,DPD,MIRABEL
42091101,MIRABEL 1101,,180,228,DPD,MIRABEL
42091101,MIRABEL 1101,,180,201156,DPD,MIRABEL
42091101,MIRABEL 1101,,180,116,DPD,MIRABEL
42091101,MIRABEL 1101,,180,781318,DPD,MIRABEL
42091102,MIRABEL 1102,,180,503000,DPD,MIRABEL
42091102,MIRABEL 1102,,180,524356,DPD,MIRABEL
42091102,MIRABEL 1102,,180,86326,DPD,MIRABEL
42571101,MOLINO 1101,,180,465699,Switch,MOLINO
42571101,MOLINO 1101,,180,338,DPD,MOLINO
42571101,MOLINO 1101,,180,600112,DPD,MOLINO
42571102,MOLINO 1102,,180,178,DPD,MOLINO
42571102,MOLINO 1102,,180,1711,Switch,MOLINO
42571102,MOLINO 1102,,180,892311,Switch,MOLINO
42571102,MOLINO 1102,,180,111666,DPD,MOLINO
42571104,MOLINO 1104,,180,368158,DPD,MOLINO
43302103,MONROE 2103,,180,848530,DPD,MONROE
43302107,MONROE 2107,,180,380760,DPD,MONROE
42811113,MONTE RIO 1113,,180,539938,DPD,MONTE RIO
42811113,MONTE RIO 1113,,180,524,DPD,MONTE RIO
43471101,PENNGROVE 1101,,180,170,DPD,PENNGROVE
43471101,PENNGROVE 1101,,180,247511,DPD,PENNGROVE
42631108,PETALUMA C 1108,,180,600,DPD,PETALUMA C
42631108,PETALUMA C 1108,,180,233646,DPD,PETALUMA C
42631108,PETALUMA C 1108,,180,630,DPD,PETALUMA C
42631108,PETALUMA C 1108,,180,618,DPD,PETALUMA C
42631109,PETALUMA C 1109,,180,857148,DPD,PETALUMA C
43321101,RINCON 1101,,180,,Breaker,RINCON
43321101,RINCON 1101,,180,539980,DPD,RINCON
43321101,RINCON 1101,,180,205854,DPD,RINCON
43321101,RINCON 1101,,180,663641,DPD,RINCON
43321101,RINCON 1101,,180,839669,DPD,RINCON
43321102,RINCON 1102,,180,782389,DPD,RINCON
43321102,RINCON 1102,,180,15265,Fuse,RINCON
43321103,RINCON 1103,,180,,Breaker,RINCON
43321104,RINCON 1104,,180,786782,DPD,RINCON
43161101,SALMON CREEK 1101,,180,4089,Switch,SALMON CREEK
43161101,SALMON CREEK 1101,,180,196,DPD,SALMON CREEK
42151104,SANTA ROSA A 1104,,180,1173,Switch,SANTA ROSA A
42151104,SANTA ROSA A 1104,,180,209043,Switch,SANTA ROSA A
42151104,SANTA ROSA A 1104,,180,834094,DPD,SANTA ROSA A
42151104,SANTA ROSA A 1104,,180,991788,DPD,SANTA ROSA A
42151107,SANTA ROSA A 1107,,180,158743,Switch,SANTA ROSA A
42151108,SANTA ROSA A 1108,,180,409621,DPD,SANTA ROSA A
42151111,SANTA ROSA A 1111,,180,147198,DPD,SANTA ROSA A
42151111,SANTA ROSA A 1111,,180,407286,DPD,SANTA ROSA A
42151111,SANTA ROSA A 1111,,180,758024,DPD,SANTA ROSA A
42151111,SANTA ROSA A 1111,,180,288669,DPD,SANTA ROSA A
42721103,SONOMA 1103,,180,3052,DPD,SONOMA
42721103,SONOMA 1103,,180,581588,DPD,SONOMA
42721104,SONOMA 1104,,180,717791,Switch,SONOMA
42721104,SONOMA 1104,,180,914376,DPD,SONOMA
42721105,SONOMA 1105,,180,539450,DPD,SONOMA
42721105,SONOMA 1105,,180,404,DPD,SONOMA
42721105,SONOMA 1105,,180,575872,DPD,SONOMA
42721106,SONOMA 1106,,180,296492,DPD,SONOMA
42721106,SONOMA 1106,,180,510055,DPD,SONOMA
42721107,SONOMA 1107,,180,844168,DPD,SONOMA
42721107,SONOMA 1107,,180,854266,DPD,SONOMA
43501103,WINDSOR 1103,,180,701650,DPD,WINDSOR
42261101,BOLINAS 1101,,185,,Breaker,BOLINAS
42291101,OLEMA 1101,,185,1318,DPD,OLEMA
42031122,ALTO 1122,,190,,Breaker,ALTO
42031123,ALTO 1123,,190,820379,DPD,ALTO
42031124,ALTO 1124,,190,1325,Switch,ALTO
42031124,ALTO 1124,,190,7415,Switch,ALTO
42031124,ALTO 1124,,190,703432,DPD,ALTO
42031124,ALTO 1124,,190,553571,DPD,ALTO
42031124,ALTO 1124,,190,526955,DPD,ALTO
42031124,ALTO 1124,,190,965060,DPD,ALTO
42031124,ALTO 1124,,190,870444,DPD,ALTO
42031124,ALTO 1124,,190,319320,DPD,ALTO
42031124,ALTO 1124,,190,810594,DPD,ALTO
42031124,ALTO 1124,,190,884949,DPD,ALTO
42031124,ALTO 1124,,190,246034,DPD,ALTO
42031124,ALTO 1124,,190,994213,DPD,ALTO
42031125,ALTO 1125,,190,1226,DPD,ALTO
42031125,ALTO 1125,,190,905,DPD,ALTO
42031125,ALTO 1125,,190,296476,DPD,ALTO
42031125,ALTO 1125,,190,291744,DPD,ALTO
42031125,ALTO 1125,,190,781759,DPD,ALTO
42261101,BOLINAS 1101,,190,806,DPD,BOLINAS
43091102,GREENBRAE 1102,,190,1254,DPD,GREENBRAE
43091103,GREENBRAE 1103,,190,718674,DPD,GREENBRAE
43091104,GREENBRAE 1104,,190,107508,DPD,GREENBRAE
43091104,GREENBRAE 1104,,190,972264,DPD,GREENBRAE
43091104,GREENBRAE 1104,,190,317890,DPD,GREENBRAE
42481101,IGNACIO 1101,,190,,Breaker,IGNACIO
42481101,IGNACIO 1101,,190,2503,Switch,IGNACIO
42481101,IGNACIO 1101,,190,1053,Fuse,IGNACIO
42481101,IGNACIO 1101,,190,1300,DPD,IGNACIO
42481101,IGNACIO 1101,,190,2219,Switch,IGNACIO
42481103,IGNACIO 1103,,190,2895,Fuse,IGNACIO
42481103,IGNACIO 1103,,190,504941,DPD,IGNACIO
42481103,IGNACIO 1103,,190,151462,DPD,IGNACIO
42481105,IGNACIO 1105,,190,784032,DPD,IGNACIO
42481105,IGNACIO 1105,,190,967039,DPD,IGNACIO
42481105,IGNACIO 1105,,190,775176,DPD,IGNACIO
42481105,IGNACIO 1105,,190,490728,DPD,IGNACIO
42481105,IGNACIO 1105,,190,683542,DPD,IGNACIO
42991104,LAS GALLINAS A 1104,,190,507389,DPD,LAS GALLINAS A
42991104,LAS GALLINAS A 1104,,190,309087,DPD,LAS GALLINAS A
42991105,LAS GALLINAS A 1105,,190,4543,Switch,LAS GALLINAS A
42991105,LAS GALLINAS A 1105,,190,648439,DPD,LAS GALLINAS A
42991106,LAS GALLINAS A 1106,,190,685656,DPD,LAS GALLINAS A
42991106,LAS GALLINAS A 1106,,190,206332,DPD,LAS GALLINAS A
42991106,LAS GALLINAS A 1106,,190,685852,DPD,LAS GALLINAS A
42011101,SAN RAFAEL 1101,,190,189400,DPD,SAN RAFAEL
42011101,SAN RAFAEL 1101,,190,546438,DPD,SAN RAFAEL
42011104,SAN RAFAEL 1104,,190,6233,Switch,SAN RAFAEL
42011105,SAN RAFAEL 1105,,190,534,DPD,SAN RAFAEL
42011105,SAN RAFAEL 1105,,190,818262,DPD,SAN RAFAEL
42011106,SAN RAFAEL 1106,,190,801100,Switch,SAN RAFAEL
42011106,SAN RAFAEL 1106,,190,683931,Switch,SAN RAFAEL
42011106,SAN RAFAEL 1106,,190,764698,DPD,SAN RAFAEL
42011106,SAN RAFAEL 1106,,190,588020,DPD,SAN RAFAEL
42011106,SAN RAFAEL 1106,,190,226409,DPD,SAN RAFAEL
42011106,SAN RAFAEL 1106,,190,618957,DPD,SAN RAFAEL
42011106,SAN RAFAEL 1106,,190,307651,DPD,SAN RAFAEL
42011107,SAN RAFAEL 1107,,190,,Breaker,SAN RAFAEL
42011108,SAN RAFAEL 1108,,190,,Breaker,SAN RAFAEL
42011109,SAN RAFAEL 1109,,190,3691,Switch,SAN RAFAEL
42011109,SAN RAFAEL 1109,,190,692576,DPD,SAN RAFAEL
42011109,SAN RAFAEL 1109,,190,535284,DPD,SAN RAFAEL
43201101,STAFFORD 1101,,190,,Breaker,STAFFORD
43201101,STAFFORD 1101,,190,344092,DPD,STAFFORD
43201101,STAFFORD 1101,,190,803535,DPD,STAFFORD
43201101,STAFFORD 1101,,190,405812,DPD,STAFFORD
43201101,STAFFORD 1101,,190,902998,DPD,STAFFORD
43201102,STAFFORD 1102,,190,,Breaker,STAFFORD
43021101,WOODACRE 1101,,190,,Breaker,WOODACRE
43021102,WOODACRE 1102,,190,,Breaker,WOODACRE
192171103,WILLOW CREEK 1103,,230,2936,DPD,WILLOW CREEK
103611101,WILDWOOD 1101,,238,,Breaker,WILDWOOD
103271101,Antler 1101,,241,,Breaker,Antler
103381101,French Gulch 1101,,241,,Breaker,French Gulch
103381102,French Gulch 1102,,241,,Breaker,French Gulch
103401101,GIRVAN 1101,,241,1330,DPD,GIRVAN
103451101,Keswick 1101,,241,1588,DPD,Keswick
103321101,Cedar Creek 1101,,244,,Breaker,Cedar Creek
103732101,Pit No 3 2101,,244,,Breaker,Pit No
101321101,Pit No 5 1101,,244,,Breaker,Pit No
103501101,Pit No 7 1101,,244,,Breaker,Pit No
102541101,Volta 1101,,244,,Breaker,Volta
102541102,Volta 1102,,244,,Breaker,Volta
103601101,Whitmore 1101,,244,,Breaker,Whitmore
103331102,Corning 1102,,245,53184,DPD,Corning
102781101,Elk Creek 1101,,245,,Breaker,Elk Creek
103401101,GIRVAN 1101,,245,323094,DPD,GIRVAN
102601101,GLENN 1101,,245,2012,DPD,GLENN
103611101,Wildwood 1101,,245,98896,DPD,Wildwood
103261101,ANDERSON 1101,,246,1752,DPD,ANDERSON
103261101,ANDERSON 1101,,246,514412,DPD,ANDERSON
103261101,ANDERSON 1101,,246,561686,DPD,ANDERSON
103261101,ANDERSON 1101,,246,909424,DPD,ANDERSON
103261101,ANDERSON 1101,,246,426745,DPD,ANDERSON
103261101,ANDERSON 1101,,246,583708,DPD,ANDERSON
103261103,ANDERSON 1103,,246,226050,DPD,ANDERSON
103331101,CORNING 1101,,246,87304,DPD,CORNING
103331102,CORNING 1102,,246,915324,DPD,CORNING
102931101,COTTONWOOD 1101,,246,384360,DPD,COTTONWOOD
102931102,COTTONWOOD 1102,,246,544790,DPD,COTTONWOOD
102931103,COTTONWOOD 1103,,246,59128,DPD,COTTONWOOD
103351101,DESCHUTES 1101,,246,,Breaker,DESCHUTES
103351104,DESCHUTES 1104,,246,,Breaker,DESCHUTES
102781101,Elk Creek 1101,,246,2004,DPD,Elk Creek
103401101,GIRVAN 1101,,246,,Breaker,GIRVAN
103401102,GIRVAN 1102,,246,296428,DPD,GIRVAN
103401102,GIRVAN 1102,,246,80726,DPD,GIRVAN
103401102,GIRVAN 1102,,246,212096,DPD,GIRVAN
103441101,JESSUP 1101,,246,94468,DPD,JESSUP
103441101,JESSUP 1101,,246,68362,DPD,JESSUP
103441102,JESSUP 1102,,246,936897,DPD,JESSUP
103441102,JESSUP 1102,,246,158468,DPD,JESSUP
103441103,JESSUP 1103,,246,728460,DPD,JESSUP
103441103,JESSUP 1103,,246,348657,DPD,JESSUP
103451101,KESWICK 1101,,246,,Breaker,KESWICK
103142102,LOGAN CREEK 2102,,246,795010,DPD,LOGAN CREEK
103481101,LOS MOLINOS 1101,,246,297862,DPD,LOS MOLINOS
103521102,OREGON TRAIL 1102,,246,,Breaker,OREGON TRAIL
103521103,OREGON TRAIL 1103,,246,,Breaker,OREGON TRAIL
103521104,OREGON TRAIL 1104,,246,,Breaker,OREGON TRAIL
103461101,PANORAMA 1101,,246,713592,DPD,PANORAMA
103461101,PANORAMA 1101,,246,885215,DPD,PANORAMA
103461102,PANORAMA 1102,,246,280170,DPD,PANORAMA
103461102,PANORAMA 1102,,246,508502,DPD,PANORAMA
103531103,RAWSON 1103,,246,428534,DPD,RAWSON
103541101,RED BLUFF 1101,,246,1556,DPD,RED BLUFF
103541101,RED BLUFF 1101,,246,76020,DPD,RED BLUFF
103541101,RED BLUFF 1101,,246,770129,Switch,RED BLUFF
103541103,RED BLUFF 1103,,246,1702,DPD,RED BLUFF
103541104,RED BLUFF 1104,,246,1302,DPD,RED BLUFF
103541104,RED BLUFF 1104,,246,135854,DPD,RED BLUFF
103541105,RED BLUFF 1105,,246,146070,DPD,RED BLUFF
103561101,STILLWATER 1101,,246,,Breaker,STILLWATER
103561102,STILLWATER 1102,,246,,Breaker,STILLWATER
103571105,TYLER 1105,,246,85132,DPD,TYLER
103571105,TYLER 1105,,246,816852,DPD,TYLER
102841106,Anita 1106,,247,552724,DPD,Anita
103351101,Deschutes 1101,,247,1580,DPD,Deschutes
103351101,Deschutes 1101,,247,1652,DPD,Deschutes
103521103,Oregon Trail 1103,,247,1448,DPD,Oregon Trail
102541101,Volta 1101,,247,1568,DPD,Volta
102541101,Volta 1101,,247,65764,DPD,Volta
102541102,Volta 1102,,247,1646,DPD,Volta
103601101,Whitmore 1101,,247,45262,DPD,Whitmore
103751101,BIG BEND 1101,,248,180398,DPD,BIG BEND
103751101,BIG BEND 1101,,248,641808,DPD,BIG BEND
102211101,BUCKS CREEK 1101,,248,,Breaker,BUCKS CREEK
102251101,CRESTA 1101,,248,103126,DPD,CRESTA
103031102,ORO FINO 1102,,248,2040,DPD,ORO FINO
103031102,ORO FINO 1102,,248,2096,DPD,ORO FINO
102541101,VOLTA 1101,,248,85234,DPD,VOLTA
103311101,Burney 1101,,249,,Breaker,Burney
103311102,Burney 1102,,249,272636,DPD,Burney
103491101,Mc Arthur 1101,,249,1490,DPD,Mc Arthur
103491102,Mc Arthur 1102,,249,542920,DPD,Mc Arthur
103721101,Pit No 1 1101,,249,950395,Switch,Pit No
103721101,Pit No 1 1101,,249,80795,Switch,Pit No
103721101,Pit No 1 1101,,249,,Breaker,Pit No
103732101,Pit No 3 2101,,249,,Breaker,Pit No
103551101,Rising River 1101,,249,,Breaker,Rising River
103551101,Rising River 1101,,250,1530,DPD,Rising River
103491101,Mc Arthur 1101,,255,648698,DPD,Mc Arthur
103491101,Mc Arthur 1101,,255,501106,DPD,Mc Arthur
103301101,Bogard 1101,,262,,Breaker,Bogard
103191101,BANGOR 1101,,280,,Breaker,BANGOR
103751101,BIG BEND 1101,,280,,Breaker,BIG BEND
103751102,BIG BEND 1102,,280,,Breaker,BIG BEND
103081105,BUTTE 1105,,280,751990,DPD,BUTTE
103091102,CLARK ROAD 1102,,280,,Breaker,CLARK ROAD
103221101,KANAKA 1101,,280,1417,Switch,KANAKA
102041104,NOTRE DAME 1104,,280,937710,DPD,NOTRE DAME
102041104,NOTRE DAME 1104,,280,2408,DPD,NOTRE DAME
103031101,ORO FINO 1101,,280,,Breaker,ORO FINO
103031102,ORO FINO 1102,,280,,Breaker,ORO FINO
102831103,PARADISE 1103,,280,2534,DPD,PARADISE
102831103,PARADISE 1103,,280,315439,Switch,PARADISE
102831103,PARADISE 1103,,280,772517,DPD,PARADISE
102831103,PARADISE 1103,,280,2183,Switch,PARADISE
102831103,PARADISE 1103,,280,5005,Fuse,PARADISE
102831103,PARADISE 1103,,280,468200,DPD,PARADISE
102831103,PARADISE 1103,,280,143744,DPD,PARADISE
102831104,PARADISE 1104,,280,355681,Switch,PARADISE
102831104,PARADISE 1104,,280,,Breaker,PARADISE
102831105,PARADISE 1105,,280,,Breaker,PARADISE
102831106,PARADISE 1106,,280,,Breaker,PARADISE
102971111,SYCAMORE CREEK 1111,,280,976428,DPD,SYCAMORE CREEK
102971111,SYCAMORE CREEK 1111,,280,153260,DPD,SYCAMORE CREEK
102971111,SYCAMORE CREEK 1111,,280,592100,DPD,SYCAMORE CREEK
102911102,WYANDOTTE 1102,,280,13044,DPD,WYANDOTTE
102911103,WYANDOTTE 1103,,280,1504,DPD,WYANDOTTE
102911105,WYANDOTTE 1105,,280,1615,Switch,WYANDOTTE
102911105,WYANDOTTE 1105,,280,329930,DPD,WYANDOTTE
102911105,WYANDOTTE 1105,,280,,Breaker,WYANDOTTE
102911106,WYANDOTTE 1106,,280,41650,DPD,WYANDOTTE
102911107,WYANDOTTE 1107,,280,37472,DPD,WYANDOTTE
102911107,WYANDOTTE 1107,,280,77578,DPD,WYANDOTTE
102911109,WYANDOTTE 1109,,280,702710,DPD,WYANDOTTE
102911109,WYANDOTTE 1109,,280,42650,DPD,WYANDOTTE
102911110,WYANDOTTE 1110,,280,980944,DPD,WYANDOTTE
102911110,WYANDOTTE 1110,,280,144140,DPD,WYANDOTTE
103751102,BIG BEND 1102,,282,,Breaker,BIG BEND
103201101,CHALLENGE 1101,,282,,Breaker,CHALLENGE
103201102,CHALLENGE 1102,,282,,Breaker,CHALLENGE
103221101,KANAKA 1101,,282,,Breaker,KANAKA
102911103,WYANDOTTE 1103,,282,1974,DPD,WYANDOTTE
102812101,Big Meadows 2101,,285,,Breaker,Big Meadows
102211102,BUCKS CREEK 1102,,285,,Breaker,BUCKS CREEK
102211103,BUCKS CREEK 1103,,285,,Breaker,BUCKS CREEK
103201101,CHALLENGE 1101,,285,98174,DPD,CHALLENGE
103132101,Crescent Mills 2101,,285,,Breaker,Crescent Mills
102551101,East Quincy 1101,,285,951424,DPD,East Quincy
102551101,East Quincy 1101,,285,186938,DPD,East Quincy
102551101,East Quincy 1101,,285,678650,DPD,East Quincy
102551101,East Quincy 1101,,285,782320,DPD,East Quincy
102551101,East Quincy 1101,,285,424048,DPD,East Quincy
103021101,Gansner 1101,,285,480328,DPD,Gansner
103021101,Gansner 1101,,285,489276,DPD,Gansner
103021101,Gansner 1101,,285,336664,DPD,Gansner
103021101,Gansner 1101,,285,372132,DPD,Gansner
103021101,Gansner 1101,,285,590690,DPD,Gansner
103021101,Gansner 1101,,285,174072,DPD,Gansner
102530401,Grays Flat 0401,,285,,Breaker,Grays Flat
103104401,SPANISH CREEK 4401,,285,,Breaker,SPANISH CREEK
102812101,Big Meadows 2101,,290,2474,DPD,Big Meadows
102812101,Big Meadows 2101,,290,2476,DPD,Big Meadows
103181101,Chester 1101,,290,922138,DPD,Chester
103181101,Chester 1101,,290,656108,DPD,Chester
103181102,Chester 1102,,290,546744,DPD,Chester
102361101,Hamilton Branch 1101,,290,,Breaker,Hamilton Branch
103191101,BANGOR 1101,,300,1958,DPD,BANGOR
103191101,BANGOR 1101,,300,879812,DPD,BANGOR
103191101,BANGOR 1101,,300,301886,DPD,BANGOR
103191101,BANGOR 1101,,300,979830,DPD,BANGOR
152161101,AUBURN 1101,,300,173014,DPD,AUBURN
152161102,AUBURN 1102,,300,251946,DPD,AUBURN
152701107,BELL 1107,,300,2400,DPD,BELL
152701107,BELL 1107,,300,912460,DPD,BELL
152701107,BELL 1107,,300,643778,DPD,BELL
152701107,BELL 1107,,300,50172,DPD,BELL
152701108,BELL 1108,,300,467470,DPD,BELL
152701108,BELL 1108,,300,339792,DPD,BELL
152701109,BELL 1109,,300,724884,DPD,BELL
152701110,BELL 1110,,300,946229,DPD,BELL
152921101,BROWNS VALLEY 1101,,300,,Breaker,BROWNS VALLEY
152582109,DELMAR 2109,,300,805882,DPD,DELMAR
152582109,DELMAR 2109,,300,306972,DPD,DELMAR
152582109,DELMAR 2109,,300,378446,DPD,DELMAR
152531101,FLINT 1101,,300,958726,DPD,FLINT
152531102,FLINT 1102,,300,,Breaker,FLINT
152031103,GRASS VALLEY 1103,,300,2180,DPD,GRASS VALLEY
152241101,HALSEY 1101,,300,1704,DPD,HALSEY
152241101,HALSEY 1101,,300,2414,DPD,HALSEY
152241102,HALSEY 1102,,300,2514,DPD,HALSEY
152691103,HIGGINS 1103,,300,,Breaker,HIGGINS
152691107,HIGGINS 1107,,300,,Breaker,HIGGINS
152691108,HIGGINS 1108,,300,,Breaker,HIGGINS
152691109,HIGGINS 1109,,300,,Breaker,HIGGINS
152691110,HIGGINS 1110,,300,869408,DPD,HIGGINS
152571101,HORSESHOE 1101,,300,603250,DPD,HORSESHOE
152571101,HORSESHOE 1101,,300,416226,DPD,HORSESHOE
152571101,HORSESHOE 1101,,300,663244,DPD,HORSESHOE
152571104,HORSESHOE 1104,,300,50142,DPD,HORSESHOE
153701101,LINCOLN 1101,,300,38563,Fuse,LINCOLN
153701104,LINCOLN 1104,,300,2070,DPD,LINCOLN
153701104,LINCOLN 1104,,300,685276,DPD,LINCOLN
153701104,LINCOLN 1104,,300,275986,DPD,LINCOLN
153701104,LINCOLN 1104,,300,187205,Switch,LINCOLN
153132101,NARROWS 2101,,300,,Breaker,NARROWS
153132102,NARROWS 2102,,300,,Breaker,NARROWS
153132105,NARROWS 2105,,300,,Breaker,NARROWS
153131151,NARROWS 1151,,300,,Breaker,NARROWS
152561103,PENRYN 1103,,300,,Breaker,PENRYN
152561105,PENRYN 1105,,300,817491,DPD,PENRYN
152561105,PENRYN 1105,,300,154362,DPD,PENRYN
152561105,PENRYN 1105,,300,119949,DPD,PENRYN
152561105,PENRYN 1105,,300,168616,DPD,PENRYN
152561105,PENRYN 1105,,300,51676,DPD,PENRYN
152561106,PENRYN 1106,,300,212772,DPD,PENRYN
152561107,PENRYN 1107,,300,,Breaker,PENRYN
152461101,PLACER 1101,,300,106534,DPD,PLACER
152461101,PLACER 1101,,300,725473,Switch,PLACER
152461101,PLACER 1101,,300,510009,Switch,PLACER
152461101,PLACER 1101,,300,208930,DPD,PLACER
152461102,PLACER 1102,,300,,Breaker,PLACER
152461103,PLACER 1103,,300,,Breaker,PLACER
152461103,PLACER 1103,,300,429574,DPD,PLACER
152461103,PLACER 1103,,300,284874,DPD,PLACER
152461103,PLACER 1103,,300,238990,DPD,PLACER
153791101,SMARTVILLE 1101,,300,,Breaker,SMARTVILLE
152811105,WHEATLAND 1105,,300,248490,DPD,WHEATLAND
152271101,WISE 1101,,300,,Breaker,WISE
152271102,WISE 1102,,300,,Breaker,WISE
153612103,CLARKSVILLE 2103,,305,593454,DPD,CLARKSVILLE
153612104,CLARKSVILLE 2104,,305,,Breaker,CLARKSVILLE
153612105,CLARKSVILLE 2105,,305,75884,DPD,CLARKSVILLE
153612109,CLARKSVILLE 2109,,305,781566,DPD,CLARKSVILLE
153612109,CLARKSVILLE 2109,,305,649874,DPD,CLARKSVILLE
153612109,CLARKSVILLE 2109,,305,102734,DPD,CLARKSVILLE
153612109,CLARKSVILLE 2109,,305,285303,Switch,CLARKSVILLE
153612109,CLARKSVILLE 2109,,305,51744,DPD,CLARKSVILLE
152261105,DIAMOND SPRINGS 1105,,305,,Breaker,DIAMOND SPRINGS
152261107,DIAMOND SPRINGS 1107,,305,1402,DPD,DIAMOND SPRINGS
152531101,FLINT 1101,,305,750,DPD,FLINT
152282101,MOUNTAIN QUARRIES 2101,,305,1102,DPD,MOUNTAIN QUARRIES
153651103,SHINGLE SPRINGS 1103,,305,,Breaker,SHINGLE SPRINGS
153651104,SHINGLE SPRINGS 1104,,305,,Breaker,SHINGLE SPRINGS
153652105,SHINGLE SPRINGS 2105,,305,,Breaker,SHINGLE SPRINGS
153652108,SHINGLE SPRINGS 2108,,305,,Breaker,SHINGLE SPRINGS
153652109,SHINGLE SPRINGS 2109,,305,,Breaker,SHINGLE SPRINGS
153652110,SHINGLE SPRINGS 2110,,305,,Breaker,SHINGLE SPRINGS
163341101,CLAY 1101,,305,,Breaker,CLAY
163341102,CLAY 1102,,305,,Breaker,CLAY
163341103,CLAY 1103,,305,,Breaker,CLAY
163881101,IONE 1101,,305,,Breaker,IONE
163011103,MARTELL 1103,,305,3152,DPD,MARTELL
163541101,OLETA 1101,,305,1208,DPD,OLETA
163541101,OLETA 1101,,305,239062,DPD,OLETA
162211101,CALAVERAS CEMENT 1101,,320,,Breaker,CALAVERAS CEMENT
163341103,CLAY 1103,,320,7124,DPD,CLAY
162991101,Corral 1101,,320,965803,Switch,Corral
162991102,Corral 1102,,320,,Breaker,Corral
162991103,Corral 1103,,320,831781,DPD,Corral
162991103,Corral 1103,,320,569005,DPD,Corral
162991103,Corral 1103,,320,13474,DPD,Corral
162991103,Corral 1103,,320,681991,DPD,Corral
162991103,Corral 1103,,320,936674,DPD,Corral
163451701,FROGTOWN 1701,,320,,Breaker,FROGTOWN
163451702,FROGTOWN 1702,,320,737236,DPD,FROGTOWN
163451702,FROGTOWN 1702,,320,694042,DPD,FROGTOWN
163451702,FROGTOWN 1702,,320,204480,DPD,FROGTOWN
163451702,FROGTOWN 1702,,320,739858,DPD,FROGTOWN
163451702,FROGTOWN 1702,,320,798032,DPD,FROGTOWN
163451702,FROGTOWN 1702,,320,814784,DPD,FROGTOWN
163451702,FROGTOWN 1702,,320,832694,DPD,FROGTOWN
163451702,FROGTOWN 1702,,320,224708,DPD,FROGTOWN
163451702,FROGTOWN 1702,,320,411508,DPD,FROGTOWN
163451702,FROGTOWN 1702,,320,390720,DPD,FROGTOWN
163451702,FROGTOWN 1702,,320,812366,DPD,FROGTOWN
163451702,FROGTOWN 1702,,320,307998,DPD,FROGTOWN
163451702,FROGTOWN 1702,,320,592404,DPD,FROGTOWN
163231101,North Branch 1101,,320,,Breaker,North Branch
163351703,CURTIS 1703,,320,6064,DPD,CURTIS
252811102,Merced Falls 1102,,320,85002,DPD,Merced Falls
252811102,Merced Falls 1102,,320,38748,DPD,Merced Falls
163781701,PEORIA 1701,,320,,Breaker,PEORIA
163781704,PEORIA 1704,,320,,Breaker,PEORIA
163781705,PEORIA 1705,,320,,Breaker,PEORIA
163761703,RACETRACK 1703,,320,6014,DPD,RACETRACK
163761704,RACETRACK 1704,,320,,Breaker,RACETRACK
103201102,CHALLENGE 1102,,330,1064,DPD,CHALLENGE
103201102,CHALLENGE 1102,,330,5462,DPD,CHALLENGE
103191101,BANGOR 1101,,330,1806,DPD,BANGOR
152301101,BONNIE NOOK 1101,,330,,Breaker,BONNIE NOOK
152301102,BONNIE NOOK 1102,,330,,Breaker,BONNIE NOOK
152481102,BRUNSWICK 1102,,330,,Breaker,BRUNSWICK
152481103,BRUNSWICK 1103,,330,2784,DPD,BRUNSWICK
152481103,BRUNSWICK 1103,,330,8918,DPD,BRUNSWICK
152481103,BRUNSWICK 1103,,330,510529,Switch,BRUNSWICK
152481103,BRUNSWICK 1103,,330,956424,DPD,BRUNSWICK
152481103,BRUNSWICK 1103,,330,234378,DPD,BRUNSWICK
152481103,BRUNSWICK 1103,,330,42931,Switch,BRUNSWICK
152481103,BRUNSWICK 1103,,330,851116,DPD,BRUNSWICK
152481104,BRUNSWICK 1104,,330,56468,DPD,BRUNSWICK
152481104,BRUNSWICK 1104,,330,285704,DPD,BRUNSWICK
152481104,BRUNSWICK 1104,,330,244027,DPD,BRUNSWICK
152481104,BRUNSWICK 1104,,330,327226,DPD,BRUNSWICK
152481105,BRUNSWICK 1105,,330,339665,Switch,BRUNSWICK
152481105,BRUNSWICK 1105,,330,297538,DPD,BRUNSWICK
152481106,BRUNSWICK 1106,,330,,Breaker,BRUNSWICK
152481107,BRUNSWICK 1107,,330,50010,DPD,BRUNSWICK
152481107,BRUNSWICK 1107,,330,969778,DPD,BRUNSWICK
152481107,BRUNSWICK 1107,,330,450739,Switch,BRUNSWICK
152481107,BRUNSWICK 1107,,330,357568,DPD,BRUNSWICK
152481110,BRUNSWICK 1110,,330,832231,DPD,BRUNSWICK
152481110,BRUNSWICK 1110,,330,528196,DPD,BRUNSWICK
152471101,COLUMBIA HILL 1101,,330,,Breaker,COLUMBIA HILL
153741101,DOBBINS 1101,,330,,Breaker,DOBBINS
152181101,FORESTHILL 1101,,330,,Breaker,FORESTHILL
152181102,FORESTHILL 1102,,330,,Breaker,FORESTHILL
152031101,GRASS VALLEY 1101,,330,750804,DPD,GRASS VALLEY
152031101,GRASS VALLEY 1101,,330,2208,DPD,GRASS VALLEY
152031101,GRASS VALLEY 1101,,330,2766,DPD,GRASS VALLEY
152031101,GRASS VALLEY 1101,,330,528232,DPD,GRASS VALLEY
152031103,GRASS VALLEY 1103,,330,,Breaker,GRASS VALLEY
152241101,HALSEY 1101,,330,76178,DPD,HALSEY
152691103,HIGGINS 1103,,330,32120,DPD,HIGGINS
152691104,HIGGINS 1104,,330,,Breaker,HIGGINS
152691110,HIGGINS 1110,,330,,Breaker,HIGGINS
153132102,NARROWS 2102,,330,48484,DPD,NARROWS
153132105,NARROWS 2105,,330,2216,DPD,NARROWS
152431101,SHADY GLEN 1101,,330,2768,DPD,SHADY GLEN
152431102,SHADY GLEN 1102,,330,,Breaker,SHADY GLEN
152491101,WEIMAR 1101,,330,2058,DPD,WEIMAR
152491102,WEIMAR 1102,,330,,Breaker,WEIMAR
153661104,APPLE HILL 1104,,335,,Breaker,APPLE HILL
153662102,APPLE HILL 2102,,335,,Breaker,APPLE HILL
152762101,EL DORADO PH 2101,,335,,Breaker,EL DORADO PH
152762101,EL DORADO PH 2101,,335,13362,DPD,EL DORADO PH
152762102,EL DORADO PH 2102,,335,,Breaker,EL DORADO PH
153082106,PLACERVILLE 2106,,335,935216,DPD,PLACERVILLE
153082106,PLACERVILLE 2106,,335,9712,DPD,PLACERVILLE
163692101,SALT SPRINGS 2101,,335,10416,DPD,SALT SPRINGS
161380201,TIGER CREEK 0201,,335,,Breaker,TIGER CREEK
161380201,TIGER CREEK 0201,,335,1743,Fuse,TIGER CREEK
163201101,WEST POINT 1101,,335,4706,DPD,WEST POINT
153661103,APPLE HILL 1103,,340,,Breaker,APPLE HILL
153662102,APPLE HILL 2102,,340,1532,DPD,APPLE HILL
153662102,APPLE HILL 2102,,340,6552,DPD,APPLE HILL
152261103,DIAMOND SPRINGS 1103,,340,467046,DPD,DIAMOND SPRINGS
152261103,DIAMOND SPRINGS 1103,,340,394169,DPD,DIAMOND SPRINGS
152261103,DIAMOND SPRINGS 1103,,340,635040,DPD,DIAMOND SPRINGS
152261104,DIAMOND SPRINGS 1104,,340,533169,Switch,DIAMOND SPRINGS
152261106,DIAMOND SPRINGS 1106,,340,290705,DPD,DIAMOND SPRINGS
152261106,DIAMOND SPRINGS 1106,,340,762780,DPD,DIAMOND SPRINGS
152261106,DIAMOND SPRINGS 1106,,340,279670,DPD,DIAMOND SPRINGS
152261106,DIAMOND SPRINGS 1106,,340,910235,DPD,DIAMOND SPRINGS
152261106,DIAMOND SPRINGS 1106,,340,930190,DPD,DIAMOND SPRINGS
152261106,DIAMOND SPRINGS 1106,,340,926235,DPD,DIAMOND SPRINGS
152261107,DIAMOND SPRINGS 1107,,340,116815,DPD,DIAMOND SPRINGS
152261107,DIAMOND SPRINGS 1107,,340,217974,DPD,DIAMOND SPRINGS
152261107,DIAMOND SPRINGS 1107,,340,203504,DPD,DIAMOND SPRINGS
152261107,DIAMOND SPRINGS 1107,,340,77086,DPD,DIAMOND SPRINGS
152241101,HALSEY 1101,,340,,Breaker,HALSEY
152241102,HALSEY 1102,,340,,Breaker,HALSEY
152282101,MOUNTAIN QUARRIES 2101,,340,,Breaker,MOUNTAIN QUARRIES
153081109,PLACERVILLE 1109,,340,284071,Switch,PLACERVILLE
153081110,PLACERVILLE 1110,,340,953474,DPD,PLACERVILLE
153081111,PLACERVILLE 1111,,340,508410,DPD,PLACERVILLE
153081111,PLACERVILLE 1111,,340,38024,Switch,PLACERVILLE
153081111,PLACERVILLE 1111,,340,111345,Switch,PLACERVILLE
153081111,PLACERVILLE 1111,,340,11279,Switch,PLACERVILLE
153081111,PLACERVILLE 1111,,340,,Breaker,PLACERVILLE
153081112,PLACERVILLE 1112,,340,,Breaker,PLACERVILLE
153082106,PLACERVILLE 2106,,340,,Breaker,PLACERVILLE
152431101,SHADY GLEN 1101,,340,,Breaker,SHADY GLEN
153652109,SHINGLE SPRINGS 2109,,340,85766,DPD,SHINGLE SPRINGS
153652109,SHINGLE SPRINGS 2109,,340,81390,DPD,SHINGLE SPRINGS
152491101,WEIMAR 1101,,340,,Breaker,WEIMAR
152491102,WEIMAR 1102,,340,2038,DPD,WEIMAR
162161101,ELECTRA 1101,,340,,Breaker,ELECTRA
162161102,ELECTRA 1102,,340,4756,DPD,ELECTRA
163011101,MARTELL 1101,,340,,Breaker,MARTELL
163011102,MARTELL 1102,,340,,Breaker,MARTELL
163011103,MARTELL 1103,,340,,Breaker,MARTELL
163541101,OLETA 1101,,340,239062,DPD,OLETA
163541101,OLETA 1101,,340,296804,DPD,OLETA
163541101,OLETA 1101,,340,400470,DPD,OLETA
163541101,OLETA 1101,,340,754718,DPD,OLETA
163541101,OLETA 1101,,340,894006,DPD,OLETA
163541102,OLETA 1102,,340,186326,DPD,OLETA
163541102,OLETA 1102,,340,793776,DPD,OLETA
163541102,OLETA 1102,,340,799924,DPD,OLETA
163751101,PINE GROVE 1101,,340,,Breaker,PINE GROVE
163751102,PINE GROVE 1102,,340,,Breaker,PINE GROVE
163201101,WEST POINT 1101,,340,12256,DPD,WEST POINT
162211101,CALAVERAS CEMENT 1101,,345,11188,DPD,CALAVERAS CEMENT
162211101,CALAVERAS CEMENT 1101,,345,80930,DPD,CALAVERAS CEMENT
162161102,ELECTRA 1102,,345,,Breaker,ELECTRA
163451701,FROGTOWN 1701,,345,13412,DPD,FROGTOWN
163451702,FROGTOWN 1702,,345,835115,DPD,FROGTOWN
163231101,North Branch 1101,,345,11158,DPD,North Branch
163692102,SALT SPRINGS 2102,,345,37300,DPD,SALT SPRINGS
163692102,SALT SPRINGS 2102,,345,3142,DPD,SALT SPRINGS
162821701,STANISLAUS 1701,,345,,Breaker,STANISLAUS
162821702,STANISLAUS 1702,,345,,Breaker,STANISLAUS
163201101,WEST POINT 1101,,345,,Breaker,WEST POINT
252192105,BEAR VALLEY 2105,,348,9560,DPD,BEAR VALLEY
163351701,CURTIS 1701,,348,,Breaker,CURTIS
163351702,CURTIS 1702,,348,,Breaker,CURTIS
163351703,CURTIS 1703,,348,,Breaker,CURTIS
163351704,CURTIS 1704,,348,,Breaker,CURTIS
163351705,CURTIS 1705,,348,,Breaker,CURTIS
163661701,MIWUK 1701,,348,,Breaker,MIWUK
163661702,MIWUK 1702,,348,,Breaker,MIWUK
163781705,PEORIA 1705,,348,90374,DPD,PEORIA
163761703,RACETRACK 1703,,348,,Breaker,RACETRACK
163240401,TAR FLAT 0401,,348,,Breaker,TAR FLAT
163240402,TAR FLAT 0402,,348,,Breaker,TAR FLAT
152101101,ALLEGHANY 1101,,350,,Breaker,ALLEGHANY
152101102,ALLEGHANY 1102,,350,,Breaker,ALLEGHANY
152321101,DRUM 1101,,350,,Breaker,DRUM
152201101,PIKE CITY 1101,,350,,Breaker,PIKE CITY
152201102,PIKE CITY 1102,,350,,Breaker,PIKE CITY
152251101,SPAULDING 1101,,350,578852,DPD,SPAULDING
152591101,SUMMIT 1101,,354,,Breaker,SUMMIT
152591102,SUMMIT 1102,,354,,Breaker,SUMMIT
152291101,TAMARACK 1101,,354,,Breaker,TAMARACK
163692101,SALT SPRINGS 2101,,360,3116,DPD,SALT SPRINGS
163692102,SALT SPRINGS 2102,,360,3118,DPD,SALT SPRINGS
163351703,CURTIS 1703,,370,9210,DPD,CURTIS
163661701,MIWUK 1701,,370,953336,DPD,MIWUK
163160401,PINE CREST 401,,370,1818,DPD,PINE CREST
162831702,SPRING GAP 1702,,370,,Breaker,SPRING GAP
158031101,ECHO SUMMIT 1101,,385,55262,DPD,ECHO SUMMIT
255292108,WOODWARD 2108,,400,78448,DPD,WOODWARD
252192105,BEAR VALLEY 2105,,400,11210,DPD,BEAR VALLEY
254432104,COARSEGOLD 2104,,400,10030,DPD,COARSEGOLD
252811102,Merced Falls 1102,,400,482838,DPD,Merced Falls
252192101,BEAR VALLEY 2101,,420,,Breaker,BEAR VALLEY
252192105,BEAR VALLEY 2105,,420,,Breaker,BEAR VALLEY
252691104,INDIAN FLAT 1104,,420,,Breaker,INDIAN FLAT
254452101,MARIPOSA 2101,,420,,Breaker,MARIPOSA
254452102,MARIPOSA 2102,,420,,Breaker,MARIPOSA
254151101,AUBERRY 1101,,424,,Breaker,AUBERRY
254151102,AUBERRY 1102,,424,,Breaker,AUBERRY
252411104,COPPERMINE 1104,,424,613086,DPD,COPPERMINE
252411104,COPPERMINE 1104,,424,556430,DPD,COPPERMINE
252561101,KERCKHOFF 1101,,424,R353,DPD,KERCKHOFF
252561101,KERCKHOFF 1101,,424,R308,DPD,KERCKHOFF
252062111,SHEPHERD 2111,,424,707358,DPD,SHEPHERD
252941107,TIVY VALLEY 1107,,424,R1817,DPD,TIVY VALLEY
255292108,WOODWARD 2108,,424,R2860,DPD,WOODWARD
254432102,COARSEGOLD 2102,,424,,Breaker,COARSEGOLD
254432103,COARSEGOLD 2103,,424,,Breaker,COARSEGOLD
254432104,COARSEGOLD 2104,,424,,Breaker,COARSEGOLD
254421101,OAKHURST 1101,,424,,Breaker,OAKHURST
254421102,OAKHURST 1102,,424,,Breaker,OAKHURST
254421103,OAKHURST 1103,,424,,Breaker,OAKHURST
252521103,SAN JOAQUIN #2 1103,,424,,Breaker,SAN JOAQUIN #
252531101,SAN JOAQUIN #3 1101,,424,,Breaker,SAN JOAQUIN #
252531102,SAN JOAQUIN #3 1102,,424,,Breaker,SAN JOAQUIN #
252531103,SAN JOAQUIN #3 1103,,424,,Breaker,SAN JOAQUIN #
251511101,WISHON 1101,,424,,Breaker,WISHON
254151101,Auberry 1101,,427,49122,DPD,Auberry
254151101,Auberry 1101,,427,R2845,DPD,Auberry
252561101,Kerchoff 1101,,427,,Breaker,Kerchoff
252531101,SAN JOAQUIN #3 1101,,427,,Breaker,SAN JOAQUIN #
252531103,SAN JOAQUIN #3 1103,,427,5100,DPD,SAN JOAQUIN #
258861101,SO CAL Edison #3 1101,,427,,Breaker,SO CAL Edison #
254151101,Auberry 1101,,428,37536,DPD,Auberry
252501101,BALCH NO 1 1101,,428,,Breaker,BALCH NO
254061102,Dunlap 1102,,430,7060,DPD,Dunlap
254061103,Dunlap 1103,,430,7220,DPD,Dunlap
252841102,Orosi 1102,,430,319741,Switch,Orosi
252841102,Orosi 1102,,430,7531F,Fuse,Orosi
252341104,Reedley 1104,,430,887932,DPD,Reedley
252341112,Reedley 1112,,430,477952,DPD,Reedley
252341112,Reedley 1112,,430,800911,Switch,Reedley
254601103,Sand Creek 1103,,430,,Breaker,Sand Creek
252921108,Stone Corral 1108,,430,7247,Switch,Stone Corral
252921110,Stone Corral 1110,,430,975698,DPD,Stone Corral
252921110,Stone Corral 1110,,430,189488,DPD,Stone Corral
252921110,Stone Corral 1110,,430,894956,DPD,Stone Corral
252941107,Tivy Valley 1107,,430,7380,DPD,Tivy Valley
252941107,Tivy Valley 1107,,430,599142,DPD,Tivy Valley
252941107,Tivy Valley 1107,,430,822606,DPD,Tivy Valley
252721106,Kern Oil 1106,,438,397902,DPD,Kern Oil
252721106,Kern Oil 1106,,438,46960,DPD,Kern Oil
253642101,Poso Mountain 2101,,438,,Breaker,Poso Mountain
253642103,Poso Mountain 2103,,438,,Breaker,Poso Mountain
253642104,Poso Mountain 2104,,438,,Breaker,Poso Mountain
258591101,Tule Power House 1101,,438,,Breaker,Tule Power House
253191101,SAN BERNARD 1101,,448,641042,DPD,SAN BERNARD
253191101,SAN BERNARD 1101,,448,438074,DPD,SAN BERNARD
252691104,INDIAN FLAT 1104,,450,10270,DPD,INDIAN FLAT
254421103,OAKHURST 1103,,450,10190,DPD,OAKHURST
252531101,SAN JOAQUIN #3 1101,,450,673480,DPD,SAN JOAQUIN #
182492102,Hollister 2102,,490,855412,DPD,Hollister
182492102,Hollister 2102,,490,113634,DPD,Hollister
182492104,Hollister 2104,,490,91424,DPD,Hollister
182492104,Hollister 2104,,490,117328,DPD,Hollister
253671103,Panoche 1103,,495,4036,DPD,Panoche
253671103,Panoche 1103,,495,4016,DPD,Panoche
252021101,Antelope 1101,,495,318686,DPD,Antelope
182562102,Cholame 2102,,497,X16,DPD,Cholame
252161108,COALINGA NO 1 1108,,495,9080,DPD,COALINGA NO
252381105,COALINGA NO 2 1105,,495,9000,DPD,COALINGA NO
83622103,CAMP EVERS 2103,,500,396855,Switch,CAMP EVERS
83622103,CAMP EVERS 2103,,500,12990,DPD,CAMP EVERS
83622104,CAMP EVERS 2104,,500,10442,DPD,CAMP EVERS
83622106,CAMP EVERS 2106,,500,4149,Fuse,CAMP EVERS
83252102,PAUL SWEET 2102,,500,478657,Switch,PAUL SWEET
83252102,PAUL SWEET 2102,,500,337544,DPD,PAUL SWEET
83252102,PAUL SWEET 2102,,500,168368,DPD,PAUL SWEET
83252104,PAUL SWEET 2104,,500,11074,DPD,PAUL SWEET
83252104,PAUL SWEET 2104,,500,5394,DPD,PAUL SWEET
83252105,PAUL SWEET 2105,,500,,Breaker,PAUL SWEET
83252106,PAUL SWEET 2106,,500,,Breaker,PAUL SWEET
83252107,PAUL SWEET 2107,,500,10986,DPD,PAUL SWEET
83252109,PAUL SWEET 2109,,500,634576,DPD,PAUL SWEET
83252109,PAUL SWEET 2109,,500,680537,DPD,PAUL SWEET
83252109,PAUL SWEET 2109,,500,687295,DPD,PAUL SWEET
82931101,Point Moretti 1101,,500,415734,DPD,Point Moretti
82931101,Point Moretti 1101,,500,5104,DPD,Point Moretti
83260401,RIO DEL MAR 0401,,500,931192,DPD,RIO DEL MAR
83692104,ROB ROY 2104,,500,,Breaker,ROB ROY
83692105,ROB ROY 2105,,500,,Breaker,ROB ROY
83500401,Seacliff 0401,,500,,Breaker,Seacliff
